id,full_name,username,email,password,hashed_password,google_id,profile_picture,auth_provider,email_verified,role_id,created_at,last_login
1,CERT User NGF0157,ngf0157,ngf0157@cert.enterprise.org,SecurePass123!,$2b$12$EixZaYVK1fsbw1ZfbX3OXePaWxn96p36WQoeg6Lruj3vjPGga31lW,,https://api.dicebear.com/7.x/adventurer/svg?seed=ngf0157,local,True,2,2026-07-01T10:00:00.000000,2026-07-24T12:00:00.000000
2,CERT User LRR0148,lrr0148,lrr0148@cert.enterprise.org,SecurePass123!,$2b$12$EixZaYVK1fsbw1ZfbX3OXePaWxn96p36WQoeg6Lruj3vjPGga31lW,,https://api.dicebear.com/7.x/adventurer/svg?seed=lrr0148,local,True,3,2026-07-01T10:00:00.000000,2026-07-24T12:00:00.000000
3,CERT User IRM0931,irm0931,irm0931@cert.enterprise.org,SecurePass123!,$2b$12$EixZaYVK1fsbw1ZfbX3OXePaWxn96p36WQoeg6Lruj3vjPGga31lW,,https://api.dicebear.com/7.x/adventurer/svg?seed=irm0931,local,True,4,2026-07-01T10:00:00.000000,2026-07-24T12:00:00.000000
4,CERT User MOH0273,moh0273,moh0273@cert.enterprise.org,SecurePass123!,$2b$12$EixZaYVK1fsbw1ZfbX3OXePaWxn96p36WQoeg6Lruj3vjPGga31lW,,https://api.dicebear.com/7.x/adventurer/svg?seed=moh0273,local,True,1,2026-07-01T10:00:00.000000,2026-07-24T12:00:00.000000
5,CERT User LAP0338,lap0338,lap0338@cert.enterprise.org,SecurePass123!,$2b$12$EixZaYVK1fsbw1ZfbX3OXePaWxn96p36WQoeg6Lruj3vjPGga31lW,,https://api.dicebear.com/7.x/adventurer/svg?seed=lap0338,local,True,2,2026-07-01T10:00:00.000000,2026-07-24T12:00:00.000000
6,CERT User MHH0180,mhh0180,mhh0180@cert.enterprise.org,SecurePass123!,$2b$12$EixZaYVK1fsbw1ZfbX3OXePaWxn96p36WQoeg6Lruj3vjPGga31lW,,https://api.dicebear.com/7.x/adventurer/svg?seed=mhh0180,local,True,3,2026-07-01T10:00:00.000000,2026-07-24T12:00:00.000000
7,CERT User NOB0181,nob0181,nob0181@cert.enterprise.org,SecurePass123!,$2b$12$EixZaYVK1fsbw1ZfbX3OXePaWxn96p36WQoeg6Lruj3vjPGga31lW,,https://api.dicebear.com/7.x/adventurer/svg?seed=nob0181,local,True,4,2026-07-01T10:00:00.000000,2026-07-24T12:00:00.000000
8,CERT User AHC0142,ahc0142,ahc0142@cert.enterprise.org,SecurePass123!,$2b$12$EixZaYVK1fsbw1ZfbX3OXePaWxn96p36WQoeg6Lruj3vjPGga31lW,,https://api.dicebear.com/7.x/adventurer/svg?seed=ahc0142,local,True,1,2026-07-01T10:00:00.000000,2026-07-24T12:00:00.000000
9,CERT User CTR0341,ctr0341,ctr0341@cert.enterprise.org,SecurePass123!,$2b$12$EixZaYVK1fsbw1ZfbX3OXePaWxn96p36WQoeg6Lruj3vjPGga31lW,,https://api.dicebear.com/7.x/adventurer/svg?seed=ctr0341,local,True,2,2026-07-01T10:00:00.000000,2026-07-24T12:00:00.000000
10,CERT User ATE0869,ate0869,ate0869@cert.enterprise.org,SecurePass123!,$2b$12$EixZaYVK1fsbw1ZfbX3OXePaWxn96p36WQoeg6Lruj3vjPGga31lW,,https://api.dicebear.com/7.x/adventurer/svg?seed=ate0869,local,True,3,2026-07-01T10:00:00.000000,2026-07-24T12:00:00.000000
11,CERT User NWK0215,nwk0215,nwk0215@cert.enterprise.org,SecurePass123!,$2b$12$EixZaYVK1fsbw1ZfbX3OXePaWxn96p36WQoeg6Lruj3vjPGga31lW,,https://api.dicebear.com/7.x/adventurer/svg?seed=nwk0215,local,True,4,2026-07-01T10:00:00.000000,2026-07-24T12:00:00.000000
12,CERT User HVB0037,hvb0037,hvb0037@cert.enterprise.org,SecurePass123!,$2b$12$EixZaYVK1fsbw1ZfbX3OXePaWxn96p36WQoeg6Lruj3vjPGga31lW,,https://api.dicebear.com/7.x/adventurer/svg?seed=hvb0037,local,True,1,2026-07-01T10:00:00.000000,2026-07-24T12:00:00.000000
13,CERT User ABC0174,abc0174,abc0174@cert.enterprise.org,SecurePass123!,$2b$12$EixZaYVK1fsbw1ZfbX3OXePaWxn96p36WQoeg6Lruj3vjPGga31lW,,https://api.dicebear.com/7.x/adventurer/svg?seed=abc0174,local,True,2,2026-07-01T10:00:00.000000,2026-07-24T12:00:00.000000
14,CERT User AJR0319,ajr0319,ajr0319@cert.enterprise.org,SecurePass123!,$2b$12$EixZaYVK1fsbw1ZfbX3OXePaWxn96p36WQoeg6Lruj3vjPGga31lW,,https://api.dicebear.com/7.x/adventurer/svg?seed=ajr0319,local,True,3,2026-07-01T10:00:00.000000,2026-07-24T12:00:00.000000
15,CERT User JKJ0698,jkj0698,jkj0698@cert.enterprise.org,SecurePass123!,$2b$12$EixZaYVK1fsbw1ZfbX3OXePaWxn96p36WQoeg6Lruj3vjPGga31lW,,https://api.dicebear.com/7.x/adventurer/svg?seed=jkj0698,local,True,4,2026-07-01T10:00:00.000000,2026-07-24T12:00:00.000000
16,CERT User JCR0172,jcr0172,jcr0172@cert.enterprise.org,SecurePass123!,$2b$12$EixZaYVK1fsbw1ZfbX3OXePaWxn96p36WQoeg6Lruj3vjPGga31lW,,https://api.dicebear.com/7.x/adventurer/svg?seed=jcr0172,local,True,1,2026-07-01T10:00:00.000000,2026-07-24T12:00:00.000000
17,CERT User HAD0246,had0246,had0246@cert.enterprise.org,SecurePass123!,$2b$12$EixZaYVK1fsbw1ZfbX3OXePaWxn96p36WQoeg6Lruj3vjPGga31lW,,https://api.dicebear.com/7.x/adventurer/svg?seed=had0246,local,True,2,2026-07-01T10:00:00.000000,2026-07-24T12:00:00.000000
18,CERT User RRC0553,rrc0553,rrc0553@cert.enterprise.org,SecurePass123!,$2b$12$EixZaYVK1fsbw1ZfbX3OXePaWxn96p36WQoeg6Lruj3vjPGga31lW,,https://api.dicebear.com/7.x/adventurer/svg?seed=rrc0553,local,True,3,2026-07-01T10:00:00.000000,2026-07-24T12:00:00.000000
19,CERT User IKP0472,ikp0472,ikp0472@cert.enterprise.org,SecurePass123!,$2b$12$EixZaYVK1fsbw1ZfbX3OXePaWxn96p36WQoeg6Lruj3vjPGga31lW,,https://api.dicebear.com/7.x/adventurer/svg?seed=ikp0472,local,True,4,2026-07-01T10:00:00.000000,2026-07-24T12:00:00.000000
20,CERT User BRS0734,brs0734,brs0734@cert.enterprise.org,SecurePass123!,$2b$12$EixZaYVK1fsbw1ZfbX3OXePaWxn96p36WQoeg6Lruj3vjPGga31lW,,https://api.dicebear.com/7.x/adventurer/svg?seed=brs0734,local,True,1,2026-07-01T10:00:00.000000,2026-07-24T12:00:00.000000
21,CERT User HPH0075,hph0075,hph0075@cert.enterprise.org,SecurePass123!,$2b$12$EixZaYVK1fsbw1ZfbX3OXePaWxn96p36WQoeg6Lruj3vjPGga31lW,,https://api.dicebear.com/7.x/adventurer/svg?seed=hph0075,local,True,2,2026-07-01T10:00:00.000000,2026-07-24T12:00:00.000000
22,CERT User RZC0746,rzc0746,rzc0746@cert.enterprise.org,SecurePass123!,$2b$12$EixZaYVK1fsbw1ZfbX3OXePaWxn96p36WQoeg6Lruj3vjPGga31lW,,https://api.dicebear.com/7.x/adventurer/svg?seed=rzc0746,local,True,3,2026-07-01T10:00:00.000000,2026-07-24T12:00:00.000000
23,CERT User ESJ0670,esj0670,esj0670@cert.enterprise.org,SecurePass123!,$2b$12$EixZaYVK1fsbw1ZfbX3OXePaWxn96p36WQoeg6Lruj3vjPGga31lW,,https://api.dicebear.com/7.x/adventurer/svg?seed=esj0670,local,True,4,2026-07-01T10:00:00.000000,2026-07-24T12:00:00.000000
24,CERT User IIW0249,iiw0249,iiw0249@cert.enterprise.org,SecurePass123!,$2b$12$EixZaYVK1fsbw1ZfbX3OXePaWxn96p36WQoeg6Lruj3vjPGga31lW,,https://api.dicebear.com/7.x/adventurer/svg?seed=iiw0249,local,True,1,2026-07-01T10:00:00.000000,2026-07-24T12:00:00.000000
25,CERT User JKF0465,jkf0465,jkf0465@cert.enterprise.org,SecurePass123!,$2b$12$EixZaYVK1fsbw1ZfbX3OXePaWxn96p36WQoeg6Lruj3vjPGga31lW,,https://api.dicebear.com/7.x/adventurer/svg?seed=jkf0465,local,True,2,2026-07-01T10:00:00.000000,2026-07-24T12:00:00.000000
26,CERT User AMW0392,amw0392,amw0392@cert.enterprise.org,SecurePass123!,$2b$12$EixZaYVK1fsbw1ZfbX3OXePaWxn96p36WQoeg6Lruj3vjPGga31lW,,https://api.dicebear.com/7.x/adventurer/svg?seed=amw0392,local,True,3,2026-07-01T10:00:00.000000,2026-07-24T12:00:00.000000
27,CERT User HSB0196,hsb0196,hsb0196@cert.enterprise.org,SecurePass123!,$2b$12$EixZaYVK1fsbw1ZfbX3OXePaWxn96p36WQoeg6Lruj3vjPGga31lW,,https://api.dicebear.com/7.x/adventurer/svg?seed=hsb0196,local,True,4,2026-07-01T10:00:00.000000,2026-07-24T12:00:00.000000
28,CERT User YIC0195,yic0195,yic0195@cert.enterprise.org,SecurePass123!,$2b$12$EixZaYVK1fsbw1ZfbX3OXePaWxn96p36WQoeg6Lruj3vjPGga31lW,,https://api.dicebear.com/7.x/adventurer/svg?seed=yic0195,local,True,1,2026-07-01T10:00:00.000000,2026-07-24T12:00:00.000000
29,CERT User NAH0503,nah0503,nah0503@cert.enterprise.org,SecurePass123!,$2b$12$EixZaYVK1fsbw1ZfbX3OXePaWxn96p36WQoeg6Lruj3vjPGga31lW,,https://api.dicebear.com/7.x/adventurer/svg?seed=nah0503,local,True,2,2026-07-01T10:00:00.000000,2026-07-24T12:00:00.000000
30,CERT User WPR0368,wpr0368,wpr0368@cert.enterprise.org,SecurePass123!,$2b$12$EixZaYVK1fsbw1ZfbX3OXePaWxn96p36WQoeg6Lruj3vjPGga31lW,,https://api.dicebear.com/7.x/adventurer/svg?seed=wpr0368,local,True,3,2026-07-01T10:00:00.000000,2026-07-24T12:00:00.000000
31,CERT User JDC0030,jdc0030,jdc0030@cert.enterprise.org,SecurePass123!,$2b$12$EixZaYVK1fsbw1ZfbX3OXePaWxn96p36WQoeg6Lruj3vjPGga31lW,,https://api.dicebear.com/7.x/adventurer/svg?seed=jdc0030,local,True,4,2026-07-01T10:00:00.000000,2026-07-24T12:00:00.000000
32,CERT User HDD0806,hdd0806,hdd0806@cert.enterprise.org,SecurePass123!,$2b$12$EixZaYVK1fsbw1ZfbX3OXePaWxn96p36WQoeg6Lruj3vjPGga31lW,,https://api.dicebear.com/7.x/adventurer/svg?seed=hdd0806,local,True,1,2026-07-01T10:00:00.000000,2026-07-24T12:00:00.000000
33,CERT User AOK0844,aok0844,aok0844@cert.enterprise.org,SecurePass123!,$2b$12$EixZaYVK1fsbw1ZfbX3OXePaWxn96p36WQoeg6Lruj3vjPGga31lW,,https://api.dicebear.com/7.x/adventurer/svg?seed=aok0844,local,True,2,2026-07-01T10:00:00.000000,2026-07-24T12:00:00.000000
34,CERT User FKK0055,fkk0055,fkk0055@cert.enterprise.org,SecurePass123!,$2b$12$EixZaYVK1fsbw1ZfbX3OXePaWxn96p36WQoeg6Lruj3vjPGga31lW,,https://api.dicebear.com/7.x/adventurer/svg?seed=fkk0055,local,True,3,2026-07-01T10:00:00.000000,2026-07-24T12:00:00.000000
35,CERT User JHP0583,jhp0583,jhp0583@cert.enterprise.org,SecurePass123!,$2b$12$EixZaYVK1fsbw1ZfbX3OXePaWxn96p36WQoeg6Lruj3vjPGga31lW,,https://api.dicebear.com/7.x/adventurer/svg?seed=jhp0583,local,True,4,2026-07-01T10:00:00.000000,2026-07-24T12:00:00.000000
36,CERT User RAW0915,raw0915,raw0915@cert.enterprise.org,SecurePass123!,$2b$12$EixZaYVK1fsbw1ZfbX3OXePaWxn96p36WQoeg6Lruj3vjPGga31lW,,https://api.dicebear.com/7.x/adventurer/svg?seed=raw0915,local,True,1,2026-07-01T10:00:00.000000,2026-07-24T12:00:00.000000
37,CERT User SSJ0784,ssj0784,ssj0784@cert.enterprise.org,SecurePass123!,$2b$12$EixZaYVK1fsbw1ZfbX3OXePaWxn96p36WQoeg6Lruj3vjPGga31lW,,https://api.dicebear.com/7.x/adventurer/svg?seed=ssj0784,local,True,2,2026-07-01T10:00:00.000000,2026-07-24T12:00:00.000000
38,CERT User FOB0756,fob0756,fob0756@cert.enterprise.org,SecurePass123!,$2b$12$EixZaYVK1fsbw1ZfbX3OXePaWxn96p36WQoeg6Lruj3vjPGga31lW,,https://api.dicebear.com/7.x/adventurer/svg?seed=fob0756,local,True,3,2026-07-01T10:00:00.000000,2026-07-24T12:00:00.000000
39,CERT User CJM0521,cjm0521,cjm0521@cert.enterprise.org,SecurePass123!,$2b$12$EixZaYVK1fsbw1ZfbX3OXePaWxn96p36WQoeg6Lruj3vjPGga31lW,,https://api.dicebear.com/7.x/adventurer/svg?seed=cjm0521,local,True,4,2026-07-01T10:00:00.000000,2026-07-24T12:00:00.000000
40,CERT User HLH0512,hlh0512,hlh0512@cert.enterprise.org,SecurePass123!,$2b$12$EixZaYVK1fsbw1ZfbX3OXePaWxn96p36WQoeg6Lruj3vjPGga31lW,,https://api.dicebear.com/7.x/adventurer/svg?seed=hlh0512,local,True,1,2026-07-01T10:00:00.000000,2026-07-24T12:00:00.000000
41,CERT User BQS0525,bqs0525,bqs0525@cert.enterprise.org,SecurePass123!,$2b$12$EixZaYVK1fsbw1ZfbX3OXePaWxn96p36WQoeg6Lruj3vjPGga31lW,,https://api.dicebear.com/7.x/adventurer/svg?seed=bqs0525,local,True,2,2026-07-01T10:00:00.000000,2026-07-24T12:00:00.000000
42,CERT User BRB0355,brb0355,brb0355@cert.enterprise.org,SecurePass123!,$2b$12$EixZaYVK1fsbw1ZfbX3OXePaWxn96p36WQoeg6Lruj3vjPGga31lW,,https://api.dicebear.com/7.x/adventurer/svg?seed=brb0355,local,True,3,2026-07-01T10:00:00.000000,2026-07-24T12:00:00.000000
43,CERT User IAR0694,iar0694,iar0694@cert.enterprise.org,SecurePass123!,$2b$12$EixZaYVK1fsbw1ZfbX3OXePaWxn96p36WQoeg6Lruj3vjPGga31lW,,https://api.dicebear.com/7.x/adventurer/svg?seed=iar0694,local,True,4,2026-07-01T10:00:00.000000,2026-07-24T12:00:00.000000
44,CERT User SMH0291,smh0291,smh0291@cert.enterprise.org,SecurePass123!,$2b$12$EixZaYVK1fsbw1ZfbX3OXePaWxn96p36WQoeg6Lruj3vjPGga31lW,,https://api.dicebear.com/7.x/adventurer/svg?seed=smh0291,local,True,1,2026-07-01T10:00:00.000000,2026-07-24T12:00:00.000000
45,CERT User BDI0533,bdi0533,bdi0533@cert.enterprise.org,SecurePass123!,$2b$12$EixZaYVK1fsbw1ZfbX3OXePaWxn96p36WQoeg6Lruj3vjPGga31lW,,https://api.dicebear.com/7.x/adventurer/svg?seed=bdi0533,local,True,2,2026-07-01T10:00:00.000000,2026-07-24T12:00:00.000000
46,CERT User DAR0885,dar0885,dar0885@cert.enterprise.org,SecurePass123!,$2b$12$EixZaYVK1fsbw1ZfbX3OXePaWxn96p36WQoeg6Lruj3vjPGga31lW,,https://api.dicebear.com/7.x/adventurer/svg?seed=dar0885,local,True,3,2026-07-01T10:00:00.000000,2026-07-24T12:00:00.000000
47,CERT User ALB0892,alb0892,alb0892@cert.enterprise.org,SecurePass123!,$2b$12$EixZaYVK1fsbw1ZfbX3OXePaWxn96p36WQoeg6Lruj3vjPGga31lW,,https://api.dicebear.com/7.x/adventurer/svg?seed=alb0892,local,True,4,2026-07-01T10:00:00.000000,2026-07-24T12:00:00.000000
48,CERT User BSS0369,bss0369,bss0369@cert.enterprise.org,SecurePass123!,$2b$12$EixZaYVK1fsbw1ZfbX3OXePaWxn96p36WQoeg6Lruj3vjPGga31lW,,https://api.dicebear.com/7.x/adventurer/svg?seed=bss0369,local,True,1,2026-07-01T10:00:00.000000,2026-07-24T12:00:00.000000
49,CERT User DLM0051,dlm0051,dlm0051@cert.enterprise.org,SecurePass123!,$2b$12$EixZaYVK1fsbw1ZfbX3OXePaWxn96p36WQoeg6Lruj3vjPGga31lW,,https://api.dicebear.com/7.x/adventurer/svg?seed=dlm0051,local,True,2,2026-07-01T10:00:00.000000,2026-07-24T12:00:00.000000
50,CERT User CMB0912,cmb0912,cmb0912@cert.enterprise.org,SecurePass123!,$2b$12$EixZaYVK1fsbw1ZfbX3OXePaWxn96p36WQoeg6Lruj3vjPGga31lW,,https://api.dicebear.com/7.x/adventurer/svg?seed=cmb0912,local,True,3,2026-07-01T10:00:00.000000,2026-07-24T12:00:00.000000
51,CERT User SBN0971,sbn0971,sbn0971@cert.enterprise.org,SecurePass123!,$2b$12$EixZaYVK1fsbw1ZfbX3OXePaWxn96p36WQoeg6Lruj3vjPGga31lW,,https://api.dicebear.com/7.x/adventurer/svg?seed=sbn0971,local,True,4,2026-07-01T10:00:00.000000,2026-07-24T12:00:00.000000
52,CERT User LBH0942,lbh0942,lbh0942@cert.enterprise.org,SecurePass123!,$2b$12$EixZaYVK1fsbw1ZfbX3OXePaWxn96p36WQoeg6Lruj3vjPGga31lW,,https://api.dicebear.com/7.x/adventurer/svg?seed=lbh0942,local,True,1,2026-07-01T10:00:00.000000,2026-07-24T12:00:00.000000
53,CERT User MLM0950,mlm0950,mlm0950@cert.enterprise.org,SecurePass123!,$2b$12$EixZaYVK1fsbw1ZfbX3OXePaWxn96p36WQoeg6Lruj3vjPGga31lW,,https://api.dicebear.com/7.x/adventurer/svg?seed=mlm0950,local,True,2,2026-07-01T10:00:00.000000,2026-07-24T12:00:00.000000
54,CERT User LBF0214,lbf0214,lbf0214@cert.enterprise.org,SecurePass123!,$2b$12$EixZaYVK1fsbw1ZfbX3OXePaWxn96p36WQoeg6Lruj3vjPGga31lW,,https://api.dicebear.com/7.x/adventurer/svg?seed=lbf0214,local,True,3,2026-07-01T10:00:00.000000,2026-07-24T12:00:00.000000
55,CERT User NAF0326,naf0326,naf0326@cert.enterprise.org,SecurePass123!,$2b$12$EixZaYVK1fsbw1ZfbX3OXePaWxn96p36WQoeg6Lruj3vjPGga31lW,,https://api.dicebear.com/7.x/adventurer/svg?seed=naf0326,local,True,4,2026-07-01T10:00:00.000000,2026-07-24T12:00:00.000000
56,CERT User QOS0878,qos0878,qos0878@cert.enterprise.org,SecurePass123!,$2b$12$EixZaYVK1fsbw1ZfbX3OXePaWxn96p36WQoeg6Lruj3vjPGga31lW,,https://api.dicebear.com/7.x/adventurer/svg?seed=qos0878,local,True,1,2026-07-01T10:00:00.000000,2026-07-24T12:00:00.000000
57,CERT User TDS0984,tds0984,tds0984@cert.enterprise.org,SecurePass123!,$2b$12$EixZaYVK1fsbw1ZfbX3OXePaWxn96p36WQoeg6Lruj3vjPGga31lW,,https://api.dicebear.com/7.x/adventurer/svg?seed=tds0984,local,True,2,2026-07-01T10:00:00.000000,2026-07-24T12:00:00.000000
58,CERT User RAM0447,ram0447,ram0447@cert.enterprise.org,SecurePass123!,$2b$12$EixZaYVK1fsbw1ZfbX3OXePaWxn96p36WQoeg6Lruj3vjPGga31lW,,https://api.dicebear.com/7.x/adventurer/svg?seed=ram0447,local,True,3,2026-07-01T10:00:00.000000,2026-07-24T12:00:00.000000
59,CERT User EHB0420,ehb0420,ehb0420@cert.enterprise.org,SecurePass123!,$2b$12$EixZaYVK1fsbw1ZfbX3OXePaWxn96p36WQoeg6Lruj3vjPGga31lW,,https://api.dicebear.com/7.x/adventurer/svg?seed=ehb0420,local,True,4,2026-07-01T10:00:00.000000,2026-07-24T12:00:00.000000
60,CERT User DRR0242,drr0242,drr0242@cert.enterprise.org,SecurePass123!,$2b$12$EixZaYVK1fsbw1ZfbX3OXePaWxn96p36WQoeg6Lruj3vjPGga31lW,,https://api.dicebear.com/7.x/adventurer/svg?seed=drr0242,local,True,1,2026-07-01T10:00:00.000000,2026-07-24T12:00:00.000000
61,CERT User NGC0058,ngc0058,ngc0058@cert.enterprise.org,SecurePass123!,$2b$12$EixZaYVK1fsbw1ZfbX3OXePaWxn96p36WQoeg6Lruj3vjPGga31lW,,https://api.dicebear.com/7.x/adventurer/svg?seed=ngc0058,local,True,2,2026-07-01T10:00:00.000000,2026-07-24T12:00:00.000000
62,CERT User OBH0499,obh0499,obh0499@cert.enterprise.org,SecurePass123!,$2b$12$EixZaYVK1fsbw1ZfbX3OXePaWxn96p36WQoeg6Lruj3vjPGga31lW,,https://api.dicebear.com/7.x/adventurer/svg?seed=obh0499,local,True,3,2026-07-01T10:00:00.000000,2026-07-24T12:00:00.000000
63,CERT User MAD0496,mad0496,mad0496@cert.enterprise.org,SecurePass123!,$2b$12$EixZaYVK1fsbw1ZfbX3OXePaWxn96p36WQoeg6Lruj3vjPGga31lW,,https://api.dicebear.com/7.x/adventurer/svg?seed=mad0496,local,True,4,2026-07-01T10:00:00.000000,2026-07-24T12:00:00.000000
64,CERT User MCD0125,mcd0125,mcd0125@cert.enterprise.org,SecurePass123!,$2b$12$EixZaYVK1fsbw1ZfbX3OXePaWxn96p36WQoeg6Lruj3vjPGga31lW,,https://api.dicebear.com/7.x/adventurer/svg?seed=mcd0125,local,True,1,2026-07-01T10:00:00.000000,2026-07-24T12:00:00.000000
65,CERT User MCF0600,mcf0600,mcf0600@cert.enterprise.org,SecurePass123!,$2b$12$EixZaYVK1fsbw1ZfbX3OXePaWxn96p36WQoeg6Lruj3vjPGga31lW,,https://api.dicebear.com/7.x/adventurer/svg?seed=mcf0600,local,True,2,2026-07-01T10:00:00.000000,2026-07-24T12:00:00.000000
66,CERT User JAJ0849,jaj0849,jaj0849@cert.enterprise.org,SecurePass123!,$2b$12$EixZaYVK1fsbw1ZfbX3OXePaWxn96p36WQoeg6Lruj3vjPGga31lW,,https://api.dicebear.com/7.x/adventurer/svg?seed=jaj0849,local,True,3,2026-07-01T10:00:00.000000,2026-07-24T12:00:00.000000
67,CERT User PTH0830,pth0830,pth0830@cert.enterprise.org,SecurePass123!,$2b$12$EixZaYVK1fsbw1ZfbX3OXePaWxn96p36WQoeg6Lruj3vjPGga31lW,,https://api.dicebear.com/7.x/adventurer/svg?seed=pth0830,local,True,4,2026-07-01T10:00:00.000000,2026-07-24T12:00:00.000000
68,CERT User IIL0513,iil0513,iil0513@cert.enterprise.org,SecurePass123!,$2b$12$EixZaYVK1fsbw1ZfbX3OXePaWxn96p36WQoeg6Lruj3vjPGga31lW,,https://api.dicebear.com/7.x/adventurer/svg?seed=iil0513,local,True,1,2026-07-01T10:00:00.000000,2026-07-24T12:00:00.000000
69,CERT User WIQ0567,wiq0567,wiq0567@cert.enterprise.org,SecurePass123!,$2b$12$EixZaYVK1fsbw1ZfbX3OXePaWxn96p36WQoeg6Lruj3vjPGga31lW,,https://api.dicebear.com/7.x/adventurer/svg?seed=wiq0567,local,True,2,2026-07-01T10:00:00.000000,2026-07-24T12:00:00.000000
70,CERT User MDH0686,mdh0686,mdh0686@cert.enterprise.org,SecurePass123!,$2b$12$EixZaYVK1fsbw1ZfbX3OXePaWxn96p36WQoeg6Lruj3vjPGga31lW,,https://api.dicebear.com/7.x/adventurer/svg?seed=mdh0686,local,True,3,2026-07-01T10:00:00.000000,2026-07-24T12:00:00.000000
71,CERT User LDD0560,ldd0560,ldd0560@cert.enterprise.org,SecurePass123!,$2b$12$EixZaYVK1fsbw1ZfbX3OXePaWxn96p36WQoeg6Lruj3vjPGga31lW,,https://api.dicebear.com/7.x/adventurer/svg?seed=ldd0560,local,True,4,2026-07-01T10:00:00.000000,2026-07-24T12:00:00.000000
72,CERT User BVC0790,bvc0790,bvc0790@cert.enterprise.org,SecurePass123!,$2b$12$EixZaYVK1fsbw1ZfbX3OXePaWxn96p36WQoeg6Lruj3vjPGga31lW,,https://api.dicebear.com/7.x/adventurer/svg?seed=bvc0790,local,True,1,2026-07-01T10:00:00.000000,2026-07-24T12:00:00.000000
73,CERT User NMS0280,nms0280,nms0280@cert.enterprise.org,SecurePass123!,$2b$12$EixZaYVK1fsbw1ZfbX3OXePaWxn96p36WQoeg6Lruj3vjPGga31lW,,https://api.dicebear.com/7.x/adventurer/svg?seed=nms0280,local,True,2,2026-07-01T10:00:00.000000,2026-07-24T12:00:00.000000
74,CERT User JGT0221,jgt0221,jgt0221@cert.enterprise.org,SecurePass123!,$2b$12$EixZaYVK1fsbw1ZfbX3OXePaWxn96p36WQoeg6Lruj3vjPGga31lW,,https://api.dicebear.com/7.x/adventurer/svg?seed=jgt0221,local,True,3,2026-07-01T10:00:00.000000,2026-07-24T12:00:00.000000
75,CERT User MVH0373,mvh0373,mvh0373@cert.enterprise.org,SecurePass123!,$2b$12$EixZaYVK1fsbw1ZfbX3OXePaWxn96p36WQoeg6Lruj3vjPGga31lW,,https://api.dicebear.com/7.x/adventurer/svg?seed=mvh0373,local,True,4,2026-07-01T10:00:00.000000,2026-07-24T12:00:00.000000
76,CERT User MOS0047,mos0047,mos0047@cert.enterprise.org,SecurePass123!,$2b$12$EixZaYVK1fsbw1ZfbX3OXePaWxn96p36WQoeg6Lruj3vjPGga31lW,,https://api.dicebear.com/7.x/adventurer/svg?seed=mos0047,local,True,1,2026-07-01T10:00:00.000000,2026-07-24T12:00:00.000000
77,CERT User JTM0223,jtm0223,jtm0223@cert.enterprise.org,SecurePass123!,$2b$12$EixZaYVK1fsbw1ZfbX3OXePaWxn96p36WQoeg6Lruj3vjPGga31lW,,https://api.dicebear.com/7.x/adventurer/svg?seed=jtm0223,local,True,2,2026-07-01T10:00:00.000000,2026-07-24T12:00:00.000000
78,CERT User TSM0363,tsm0363,tsm0363@cert.enterprise.org,SecurePass123!,$2b$12$EixZaYVK1fsbw1ZfbX3OXePaWxn96p36WQoeg6Lruj3vjPGga31lW,,https://api.dicebear.com/7.x/adventurer/svg?seed=tsm0363,local,True,3,2026-07-01T10:00:00.000000,2026-07-24T12:00:00.000000
79,CERT User QNP0216,qnp0216,qnp0216@cert.enterprise.org,SecurePass123!,$2b$12$EixZaYVK1fsbw1ZfbX3OXePaWxn96p36WQoeg6Lruj3vjPGga31lW,,https://api.dicebear.com/7.x/adventurer/svg?seed=qnp0216,local,True,4,2026-07-01T10:00:00.000000,2026-07-24T12:00:00.000000
80,CERT User JRS0362,jrs0362,jrs0362@cert.enterprise.org,SecurePass123!,$2b$12$EixZaYVK1fsbw1ZfbX3OXePaWxn96p36WQoeg6Lruj3vjPGga31lW,,https://api.dicebear.com/7.x/adventurer/svg?seed=jrs0362,local,True,1,2026-07-01T10:00:00.000000,2026-07-24T12:00:00.000000
81,CERT User UIR0043,uir0043,uir0043@cert.enterprise.org,SecurePass123!,$2b$12$EixZaYVK1fsbw1ZfbX3OXePaWxn96p36WQoeg6Lruj3vjPGga31lW,,https://api.dicebear.com/7.x/adventurer/svg?seed=uir0043,local,True,2,2026-07-01T10:00:00.000000,2026-07-24T12:00:00.000000
82,CERT User CBB0365,cbb0365,cbb0365@cert.enterprise.org,SecurePass123!,$2b$12$EixZaYVK1fsbw1ZfbX3OXePaWxn96p36WQoeg6Lruj3vjPGga31lW,,https://api.dicebear.com/7.x/adventurer/svg?seed=cbb0365,local,True,3,2026-07-01T10:00:00.000000,2026-07-24T12:00:00.000000
83,CERT User JAV0361,jav0361,jav0361@cert.enterprise.org,SecurePass123!,$2b$12$EixZaYVK1fsbw1ZfbX3OXePaWxn96p36WQoeg6Lruj3vjPGga31lW,,https://api.dicebear.com/7.x/adventurer/svg?seed=jav0361,local,True,4,2026-07-01T10:00:00.000000,2026-07-24T12:00:00.000000
84,CERT User KRV0372,krv0372,krv0372@cert.enterprise.org,SecurePass123!,$2b$12$EixZaYVK1fsbw1ZfbX3OXePaWxn96p36WQoeg6Lruj3vjPGga31lW,,https://api.dicebear.com/7.x/adventurer/svg?seed=krv0372,local,True,1,2026-07-01T10:00:00.000000,2026-07-24T12:00:00.000000
85,CERT User LBC0356,lbc0356,lbc0356@cert.enterprise.org,SecurePass123!,$2b$12$EixZaYVK1fsbw1ZfbX3OXePaWxn96p36WQoeg6Lruj3vjPGga31lW,,https://api.dicebear.com/7.x/adventurer/svg?seed=lbc0356,local,True,2,2026-07-01T10:00:00.000000,2026-07-24T12:00:00.000000
86,CERT User KCF0045,kcf0045,kcf0045@cert.enterprise.org,SecurePass123!,$2b$12$EixZaYVK1fsbw1ZfbX3OXePaWxn96p36WQoeg6Lruj3vjPGga31lW,,https://api.dicebear.com/7.x/adventurer/svg?seed=kcf0045,local,True,3,2026-07-01T10:00:00.000000,2026-07-24T12:00:00.000000
87,CERT User EIS0041,eis0041,eis0041@cert.enterprise.org,SecurePass123!,$2b$12$EixZaYVK1fsbw1ZfbX3OXePaWxn96p36WQoeg6Lruj3vjPGga31lW,,https://api.dicebear.com/7.x/adventurer/svg?seed=eis0041,local,True,4,2026-07-01T10:00:00.000000,2026-07-24T12:00:00.000000
88,CERT User CSC0217,csc0217,csc0217@cert.enterprise.org,SecurePass123!,$2b$12$EixZaYVK1fsbw1ZfbX3OXePaWxn96p36WQoeg6Lruj3vjPGga31lW,,https://api.dicebear.com/7.x/adventurer/svg?seed=csc0217,local,True,1,2026-07-01T10:00:00.000000,2026-07-24T12:00:00.000000
89,CERT User ACC0042,acc0042,acc0042@cert.enterprise.org,SecurePass123!,$2b$12$EixZaYVK1fsbw1ZfbX3OXePaWxn96p36WQoeg6Lruj3vjPGga31lW,,https://api.dicebear.com/7.x/adventurer/svg?seed=acc0042,local,True,2,2026-07-01T10:00:00.000000,2026-07-24T12:00:00.000000
90,CERT User MPM0220,mpm0220,mpm0220@cert.enterprise.org,SecurePass123!,$2b$12$EixZaYVK1fsbw1ZfbX3OXePaWxn96p36WQoeg6Lruj3vjPGga31lW,,https://api.dicebear.com/7.x/adventurer/svg?seed=mpm0220,local,True,3,2026-07-01T10:00:00.000000,2026-07-24T12:00:00.000000
91,CERT User SAK0375,sak0375,sak0375@cert.enterprise.org,SecurePass123!,$2b$12$EixZaYVK1fsbw1ZfbX3OXePaWxn96p36WQoeg6Lruj3vjPGga31lW,,https://api.dicebear.com/7.x/adventurer/svg?seed=sak0375,local,True,4,2026-07-01T10:00:00.000000,2026-07-24T12:00:00.000000
92,CERT User GTD0219,gtd0219,gtd0219@cert.enterprise.org,SecurePass123!,$2b$12$EixZaYVK1fsbw1ZfbX3OXePaWxn96p36WQoeg6Lruj3vjPGga31lW,,https://api.dicebear.com/7.x/adventurer/svg?seed=gtd0219,local,True,1,2026-07-01T10:00:00.000000,2026-07-24T12:00:00.000000
93,CERT User KSP0357,ksp0357,ksp0357@cert.enterprise.org,SecurePass123!,$2b$12$EixZaYVK1fsbw1ZfbX3OXePaWxn96p36WQoeg6Lruj3vjPGga31lW,,https://api.dicebear.com/7.x/adventurer/svg?seed=ksp0357,local,True,2,2026-07-01T10:00:00.000000,2026-07-24T12:00:00.000000
94,CERT User MSH0040,msh0040,msh0040@cert.enterprise.org,SecurePass123!,$2b$12$EixZaYVK1fsbw1ZfbX3OXePaWxn96p36WQoeg6Lruj3vjPGga31lW,,https://api.dicebear.com/7.x/adventurer/svg?seed=msh0040,local,True,3,2026-07-01T10:00:00.000000,2026-07-24T12:00:00.000000
95,CERT User BAL0044,bal0044,bal0044@cert.enterprise.org,SecurePass123!,$2b$12$EixZaYVK1fsbw1ZfbX3OXePaWxn96p36WQoeg6Lruj3vjPGga31lW,,https://api.dicebear.com/7.x/adventurer/svg?seed=bal0044,local,True,4,2026-07-01T10:00:00.000000,2026-07-24T12:00:00.000000
96,CERT User JLM0364,jlm0364,jlm0364@cert.enterprise.org,SecurePass123!,$2b$12$EixZaYVK1fsbw1ZfbX3OXePaWxn96p36WQoeg6Lruj3vjPGga31lW,,https://api.dicebear.com/7.x/adventurer/svg?seed=jlm0364,local,True,1,2026-07-01T10:00:00.000000,2026-07-24T12:00:00.000000
97,CERT User DMG0358,dmg0358,dmg0358@cert.enterprise.org,SecurePass123!,$2b$12$EixZaYVK1fsbw1ZfbX3OXePaWxn96p36WQoeg6Lruj3vjPGga31lW,,https://api.dicebear.com/7.x/adventurer/svg?seed=dmg0358,local,True,2,2026-07-01T10:00:00.000000,2026-07-24T12:00:00.000000
98,CERT User DFR0218,dfr0218,dfr0218@cert.enterprise.org,SecurePass123!,$2b$12$EixZaYVK1fsbw1ZfbX3OXePaWxn96p36WQoeg6Lruj3vjPGga31lW,,https://api.dicebear.com/7.x/adventurer/svg?seed=dfr0218,local,True,3,2026-07-01T10:00:00.000000,2026-07-24T12:00:00.000000
99,CERT User CCA0046,cca0046,cca0046@cert.enterprise.org,SecurePass123!,$2b$12$EixZaYVK1fsbw1ZfbX3OXePaWxn96p36WQoeg6Lruj3vjPGga31lW,,https://api.dicebear.com/7.x/adventurer/svg?seed=cca0046,local,True,4,2026-07-01T10:00:00.000000,2026-07-24T12:00:00.000000
100,CERT User HWY0038,hwy0038,hwy0038@cert.enterprise.org,SecurePass123!,$2b$12$EixZaYVK1fsbw1ZfbX3OXePaWxn96p36WQoeg6Lruj3vjPGga31lW,,https://api.dicebear.com/7.x/adventurer/svg?seed=hwy0038,local,True,1,2026-07-01T10:00:00.000000,2026-07-24T12:00:00.000000
