employee_code,late_login,weekend_login,multiple_devices,usb_usage,mass_file_access,large_file_transfer,external_email_ratio,job_search_websites,failed_logins,login_frequency,average_session_duration,activity_after_hours
CEL0561,1.9600938967136141,0.0,1.0,0.0,0.0,0.0,0.5247524752475248,0.0,0.0,2.3666666666666667,7.073571428571428,0.0
JFC0557,1.9759803921568597,0.0,1.0,320.0,562.0,45.0,0.35185185185185186,0.0,1.0,2.2666666666666666,6.991044776119404,0.0
ASD0577,0.0,0.0,1.0,0.0,0.0,0.0,0.5833333333333334,0.0,0.0,1.2666666666666666,10.106756756756758,0.0
GRM0868,0.0,0.0,1.0,0.0,0.0,0.0,0.5423728813559322,0.0,0.0,1.2666666666666666,10.05810810810811,0.0
AAL0706,0.0,0.0,1.0,0.0,0.0,0.0,0.5833333333333334,0.0,0.0,1.2666666666666666,9.014414414414414,0.0
RVC0232,0.0,0.0,1.0,0.0,0.0,0.0,0.49504950495049505,1.0,2.0,1.2666666666666666,11.005405405405408,0.0
TCD0009,0.0,0.0,1.0,0.0,0.0,0.0,0.5793650793650794,0.0,0.0,1.2666666666666666,9.036936936936938,0.0
ASM0575,1.6173913043478247,0.0,1.0,0.0,0.0,0.0,0.5,0.0,0.0,2.3,7.855392156862744,0.0
FOB0756,1.6810897435897445,22.0,2.0,32.0,37.0,2.0,0.6,0.0,2.0,3.466666666666667,3.977508090614887,0.0
GCG0951,0.4214611872146108,0.0,2.0,0.0,0.0,0.0,0.25,0.0,0.0,2.433333333333333,6.285185185185185,0.0
AAV0450,0.0,0.0,1.0,0.0,0.0,0.0,0.5,0.0,1.0,1.2666666666666666,10.054954954954956,0.0
CJV0286,2.2502604166666664,0.0,1.0,0.0,0.0,0.0,0.45714285714285713,0.0,2.0,2.1333333333333333,6.96015625,0.0
TDG0962,0.8857723577235763,0.0,2.0,0.0,0.0,0.0,0.3076923076923077,2.0,0.0,2.7333333333333334,4.973456790123456,0.0
SVL0803,0.0,0.0,1.0,0.0,0.0,0.0,0.47,1.0,0.0,1.2666666666666666,9.0972972972973,0.0
MDM0625,1.0048611111111097,0.0,2.0,615.0,1748.0,91.0,0.34615384615384615,1.0,1.0,2.4,6.386150234741784,0.0
GMF0738,0.0,0.0,1.0,0.0,0.0,0.0,0.5027932960893855,0.0,0.0,1.2666666666666666,9.086486486486486,0.0
BER0314,0.0,0.0,1.0,0.0,0.0,0.0,0.35714285714285715,0.0,0.0,1.2666666666666666,8.036486486486485,0.0
AMR0400,0.0,0.0,1.0,0.0,0.0,0.0,0.41509433962264153,0.0,0.0,1.2666666666666666,11.006306306306303,0.0
YCE0983,0.0,0.0,1.0,0.0,0.0,0.0,0.48214285714285715,0.0,0.0,1.2666666666666666,10.028828828828829,0.0
BJW0619,0.0,0.0,1.0,0.0,0.0,0.0,0.46706586826347307,0.0,0.0,1.2666666666666666,9.092342342342343,0.0
TYB0779,1.7098039215686285,0.0,1.0,0.0,0.0,0.0,0.3333333333333333,0.0,0.0,2.2666666666666666,5.764179104477613,0.0
KBL0260,0.0,0.0,1.0,0.0,0.0,0.0,0.5327102803738317,0.0,1.0,1.2666666666666666,9.015765765765767,0.0
HCL0651,2.0651960784313736,0.0,2.0,151.0,154.0,6.0,0.7575757575757576,0.0,0.0,2.2666666666666666,9.107107843137252,62.0
SCP0130,1.016339869281044,0.0,2.0,159.0,292.0,21.0,0.3142857142857143,0.0,0.0,1.7,5.604,0.0
CMW0783,0.0,0.0,1.0,0.0,0.0,0.0,0.4722222222222222,0.0,0.0,1.2666666666666666,8.069369369369367,0.0
DOL0332,0.0,0.0,1.0,0.0,0.0,0.0,0.47058823529411764,0.0,0.0,1.2666666666666666,11.122972972972974,0.0
RSC0089,1.1594961240310084,1.0,4.0,644.0,222.0,18.0,0.6388888888888888,2.0,1.0,2.8666666666666667,4.628431372549021,19.0
CCM0136,1.9002525252525277,0.0,2.0,32.0,30.0,1.0,0.23076923076923078,0.0,0.0,2.2,6.585128205128204,0.0
NCH0179,0.0,0.0,1.0,0.0,0.0,0.0,0.47580645161290325,0.0,0.0,1.2666666666666666,10.996396396396396,0.0
NBH0256,0.0,0.0,1.0,0.0,0.0,0.0,0.3125,0.0,0.0,1.2666666666666666,9.089189189189188,0.0
ORG0339,0.0,0.0,1.0,0.0,0.0,0.0,0.358974358974359,0.0,1.0,1.2666666666666666,11.0490990990991,0.0
FRR0832,0.0,0.0,1.0,0.0,0.0,0.0,0.45454545454545453,0.0,0.0,1.2666666666666666,11.087387387387388,0.0
MSD0939,0.0,0.0,1.0,0.0,0.0,0.0,0.24528301886792453,0.0,0.0,1.2666666666666666,9.107207207207209,0.0
OQH0183,0.0,0.0,1.0,0.0,0.0,0.0,0.2727272727272727,0.0,0.0,1.2666666666666666,11.066666666666666,0.0
BSH0445,0.0,0.0,1.0,0.0,0.0,0.0,0.4351851851851852,0.0,0.0,1.2666666666666666,9.03918918918919,0.0
NGO0690,1.9603535353535353,0.0,1.0,0.0,0.0,0.0,0.5092592592592593,0.0,0.0,2.2,8.051538461538462,0.0
VCC0396,1.263013698630136,0.0,2.0,166.0,379.0,18.0,0.4672897196261682,1.0,1.0,2.433333333333333,7.112268518518519,6.0
KPP0452,0.0,0.0,1.0,0.0,0.0,0.0,0.25,0.0,0.0,1.2666666666666666,10.118018018018018,0.0
RTO0313,0.9585526315789483,0.0,2.0,0.0,0.0,0.0,0.5078534031413613,0.0,1.0,2.533333333333333,4.134222222222223,9.0
ABM0845,1.5042857142857144,0.0,2.0,0.0,0.0,0.0,0.4166666666666667,0.0,0.0,2.333333333333333,7.734057971014493,0.0
VIA0063,0.0,0.0,1.0,631.0,1749.0,70.0,0.4540229885057471,0.0,0.0,1.2666666666666666,10.115765765765763,0.0
CCW0031,0.0,0.0,1.0,0.0,0.0,0.0,0.5421686746987951,0.0,0.0,1.2666666666666666,8.106756756756756,0.0
IYB0918,0.0,0.0,1.0,0.0,0.0,0.0,0.4351851851851852,2.0,0.0,1.2666666666666666,11.023423423423427,0.0
ORM0669,0.0,0.0,2.0,0.0,0.0,0.0,0.45714285714285713,0.0,1.0,1.6333333333333333,5.283680555555556,0.0
MJB0588,0.0,0.0,1.0,0.0,0.0,0.0,0.46153846153846156,0.0,0.0,1.2666666666666666,10.05765765765766,0.0
LIM0674,1.1407172995780606,3.0,2.0,31.0,49.0,1.0,0.5887850467289719,0.0,1.0,2.6333333333333333,4.108760683760685,4.0
LHN0151,0.0,0.0,1.0,0.0,0.0,0.0,0.38333333333333336,0.0,0.0,1.2666666666666666,7.997747747747747,0.0
WTR0563,0.0,0.0,1.0,0.0,0.0,0.0,0.4056603773584906,0.0,1.0,1.2666666666666666,9.12027027027027,0.0
MKS0204,0.0,0.0,1.0,0.0,0.0,0.0,0.34558823529411764,4.0,1.0,1.2666666666666666,10.018018018018015,0.0
AAW0353,0.0,0.0,1.0,0.0,0.0,0.0,0.4444444444444444,0.0,0.0,1.2666666666666666,10.108108108108109,0.0
WJD0576,0.0,0.0,1.0,0.0,0.0,0.0,0.5,0.0,3.0,1.2666666666666666,10.051801801801805,0.0
ILH0958,0.5346491228070196,0.0,4.0,27.0,511.0,21.0,0.5384615384615384,0.0,0.0,2.533333333333333,5.586666666666667,0.0
TLK0993,0.2149122807017516,0.0,1.0,0.0,0.0,0.0,0.19230769230769232,0.0,1.0,1.2666666666666666,12.07162162162162,59.0
RAG0275,0.0,0.0,1.0,0.0,0.0,0.0,0.4205607476635514,0.0,1.0,1.2666666666666666,10.089189189189186,0.0
KWC0004,0.0,0.0,1.0,0.0,0.0,0.0,0.5135135135135135,1.0,1.0,1.2666666666666666,9.088288288288288,0.0
CJK0200,0.0,0.0,1.0,0.0,0.0,0.0,0.5620437956204379,0.0,0.0,1.2666666666666666,8.04144144144144,0.0
FEB0306,2.2534722222222197,0.0,2.0,83.0,269.0,16.0,0.3333333333333333,0.0,0.0,2.4,5.880281690140845,0.0
NKH0807,0.0,0.0,1.0,0.0,0.0,0.0,0.38392857142857145,3.0,1.0,1.2666666666666666,12.107207207207209,60.0
JMC0925,1.6195736434108525,0.0,2.0,0.0,0.0,0.0,0.26495726495726496,0.0,1.0,2.8666666666666667,4.666085271317829,13.0
SBH0537,1.8740740740740716,6.0,1.0,36.0,130.0,7.0,0.4911242603550296,0.0,0.0,2.4,7.111267605633803,0.0
JJB0700,0.0,0.0,2.0,0.0,0.0,0.0,0.2727272727272727,0.0,1.0,1.3,8.775877192982454,0.0
AIS0405,0.0,0.0,1.0,0.0,0.0,0.0,0.5909090909090909,0.0,0.0,1.2666666666666666,11.099549549549549,0.0
HAH0760,1.5078282828282816,0.0,1.0,145.0,367.0,19.0,0.19444444444444445,0.0,0.0,2.2,5.972820512820513,0.0
AHD0848,1.9745726495726483,6.0,5.0,40.0,44.0,4.0,0.4666666666666667,0.0,1.0,2.6,8.097835497835497,0.0
LDM0587,0.0,0.0,1.0,0.0,0.0,0.0,0.5833333333333334,0.0,0.0,1.2666666666666666,10.053153153153154,0.0
AJN0607,1.3893162393162406,0.0,2.0,237.0,157.0,8.0,0.5536723163841808,0.0,1.0,2.6,5.314502164502164,0.0
EIS0041,3.129281767955799,0.0,112.0,315.0,762.0,41.0,0.5196850393700787,0.0,1.0,6.033333333333333,0.7427777777777775,618.0
MLG0475,0.0,0.0,1.0,0.0,0.0,0.0,0.3076923076923077,0.0,0.0,1.2666666666666666,9.971621621621622,0.0
EPW0434,0.0,0.0,1.0,0.0,0.0,0.0,0.6310679611650486,0.0,1.0,1.2666666666666666,9.082432432432432,0.0
JAM0382,0.0,0.0,1.0,0.0,0.0,0.0,0.37142857142857144,0.0,0.0,1.2666666666666666,8.066216216216219,0.0
NCK0295,0.0,0.0,1.0,0.0,0.0,0.0,0.5384615384615384,0.0,0.0,1.2666666666666666,9.046396396396398,0.0
LJT0817,1.3851010101010104,0.0,2.0,155.0,418.0,20.0,0.40186915887850466,1.0,0.0,2.2,9.321282051282052,66.0
CAM0102,0.0,0.0,1.0,0.0,0.0,0.0,0.5277777777777778,0.0,0.0,1.2666666666666666,10.075225225225228,0.0
SOG0411,0.0,0.0,1.0,0.0,0.0,0.0,0.44954128440366975,0.0,0.0,1.2666666666666666,10.005855855855854,0.0
KSH0569,0.0,0.0,1.0,0.0,0.0,0.0,0.32653061224489793,0.0,0.0,1.2666666666666666,9.060810810810809,0.0
BDI0533,2.0333333333333314,21.0,2.0,211.0,460.0,32.0,0.6382978723404256,0.0,1.0,3.0,5.373595505617978,0.0
PMJ0564,2.1442460317460323,0.0,2.0,0.0,0.0,0.0,0.37623762376237624,0.0,0.0,2.8,4.03809523809524,9.0
HGG0240,0.0,0.0,1.0,0.0,0.0,0.0,0.5428571428571428,0.0,0.0,1.2666666666666666,10.041891891891892,0.0
MGS0974,0.0,4.0,2.0,25.0,28.0,3.0,0.5611510791366906,0.0,0.0,1.4666666666666666,8.939922480620154,0.0
DHM0937,0.0,0.0,1.0,0.0,0.0,0.0,0.5315315315315315,0.0,1.0,1.2666666666666666,9.033333333333331,0.0
CEB0210,0.0,0.0,1.0,0.0,0.0,0.0,0.4678362573099415,0.0,0.0,1.2666666666666666,8.042342342342344,0.0
YJV0699,0.0,0.0,1.0,0.0,0.0,0.0,0.75,0.0,1.0,1.2666666666666666,9.046846846846847,0.0
BMT0528,0.17708333333333393,0.0,2.0,158.0,403.0,29.0,0.43243243243243246,0.0,2.0,1.3333333333333333,7.417948717948718,0.0
CJC0494,0.0,0.0,1.0,0.0,0.0,0.0,0.38823529411764707,0.0,0.0,1.2666666666666666,9.080630630630631,0.0
GCS0571,1.6562801932367162,0.0,2.0,34.0,122.0,8.0,0.36363636363636365,0.0,1.0,2.3,7.492892156862745,0.0
BJP0134,2.0932835820895512,0.0,2.0,687.0,1675.0,77.0,0.46153846153846156,0.0,1.0,2.2333333333333334,6.8835858585858585,0.0
KBP0008,0.734325396825394,0.0,2.0,0.0,0.0,0.0,0.45652173913043476,5.0,0.0,2.8,4.374497991967872,0.0
FLM0213,0.0,0.0,1.0,0.0,0.0,0.0,0.4819277108433735,0.0,0.0,1.2666666666666666,8.09954954954955,0.0
RRP0568,1.9687793427230034,0.0,2.0,85.0,313.0,18.0,0.5700934579439252,0.0,1.0,2.3666666666666667,6.30547619047619,0.0
SAA0999,1.3778571428571436,0.0,2.0,683.0,1757.0,108.0,0.6116504854368932,3.0,0.0,2.333333333333333,8.466908212560387,0.0
THR0873,0.0,0.0,1.0,636.0,1753.0,90.0,0.4885057471264368,0.0,0.0,1.3333333333333333,9.13375,12.0
KRM0541,0.0,0.0,2.0,0.0,0.0,0.0,0.3103448275862069,0.0,0.0,1.3,9.479385964912282,0.0
KSP0966,0.0,0.0,1.0,0.0,0.0,0.0,0.25,0.0,0.0,1.2666666666666666,9.09054054054054,0.0
LOF0311,0.0,0.0,1.0,0.0,0.0,0.0,0.55,0.0,0.0,1.2666666666666666,8.012162162162161,0.0
MBR0724,0.0,0.0,1.0,0.0,0.0,0.0,0.3333333333333333,0.0,1.0,1.2666666666666666,9.082432432432432,0.0
MLP0668,0.0,0.0,1.0,0.0,0.0,0.0,0.5929203539823009,0.0,0.0,1.2666666666666666,8.053603603603603,0.0
CUD0795,0.0,0.0,1.0,0.0,0.0,0.0,0.37735849056603776,0.0,0.0,1.2666666666666666,9.09954954954955,0.0
GZC0735,1.3960317460317473,11.0,2.0,79.0,60.0,11.0,0.30303030303030304,0.0,0.0,2.8,5.91987951807229,0.0
HLH0512,0.0882716049382708,15.0,2.0,0.0,0.0,0.0,0.37735849056603776,0.0,0.0,1.8,7.951886792452829,0.0
NJB0243,0.0,0.0,2.0,0.0,0.0,0.0,0.4642857142857143,0.0,0.0,1.4333333333333331,7.323809523809524,0.0
GCS0518,0.0,0.0,1.0,0.0,0.0,0.0,0.5428571428571428,0.0,0.0,1.2666666666666666,8.111711711711711,0.0
NMC0486,0.0,0.0,1.0,0.0,0.0,0.0,0.40555555555555556,0.0,0.0,1.2666666666666666,9.043693693693692,0.0
KMB0922,1.877489177489176,1.0,6.0,78.0,281.0,15.0,0.5555555555555556,0.0,0.0,2.566666666666667,6.300219298245615,27.0
CFM0767,1.6841880341880344,0.0,4.0,87.0,160.0,11.0,0.5,0.0,0.0,2.6,4.075641025641027,11.0
HAD0246,0.5353276353276328,36.0,2.0,47.0,51.0,1.0,0.3617021276595745,0.0,1.0,3.9,4.376436781609195,17.0
ANP0555,0.0,0.0,1.0,0.0,0.0,0.0,0.411214953271028,0.0,0.0,1.2666666666666666,10.078378378378378,0.0
LBF0214,1.20576323987539,19.0,2.0,92.0,217.0,16.0,0.40865384615384615,0.0,2.0,3.566666666666667,3.605974842767296,14.0
DJB0159,0.29565217391304444,0.0,2.0,0.0,0.0,0.0,0.3508771929824561,0.0,2.0,2.3,6.826715686274509,0.0
BWP0202,1.0876893939393923,2.0,2.0,24.0,90.0,4.0,0.48412698412698413,1.0,0.0,2.933333333333333,4.194827586206897,23.0
CQH0730,0.0,0.0,1.0,0.0,0.0,0.0,0.3218390804597701,0.0,0.0,1.2666666666666666,9.022522522522523,0.0
JCR0289,0.0,0.0,1.0,0.0,0.0,0.0,0.2727272727272727,0.0,0.0,1.2666666666666666,9.084684684684683,0.0
AES0827,0.0,0.0,1.0,0.0,0.0,0.0,0.45454545454545453,0.0,0.0,1.2666666666666666,11.073423423423424,0.0
SLP0762,0.0,0.0,1.0,0.0,0.0,0.0,0.5588235294117647,0.0,0.0,1.2666666666666666,8.04144144144144,0.0
CLD0894,0.23063063063063183,0.0,1.0,0.0,0.0,0.0,0.5714285714285714,0.0,0.0,1.2333333333333334,9.041441441441442,0.0
LCD0622,0.0,0.0,1.0,0.0,0.0,0.0,0.29518072289156627,0.0,0.0,1.2666666666666666,9.09189189189189,0.0
CMB0912,0.6039518900343648,15.0,7.0,0.0,0.0,0.0,0.40869565217391307,0.0,1.0,3.2333333333333334,4.938888888888889,0.0
ZKS0899,0.5337606837606845,0.0,2.0,690.0,1747.0,84.0,0.5555555555555556,0.0,0.0,1.3,8.501709401709398,0.0
JCV0245,0.0,0.0,1.0,0.0,0.0,0.0,0.4954128440366973,0.0,1.0,1.2666666666666666,9.097297297297295,0.0
AMH0794,0.0,0.0,1.0,0.0,0.0,0.0,0.23958333333333334,0.0,0.0,1.2666666666666666,9.089189189189192,0.0
FKB0163,0.0,0.0,1.0,0.0,0.0,0.0,0.47619047619047616,0.0,0.0,1.2666666666666666,9.069369369369369,0.0
AKC0924,0.0,0.0,1.0,0.0,0.0,0.0,0.37962962962962965,0.0,0.0,1.2666666666666666,11.11846846846847,0.0
ILR0304,0.01578947368420991,0.0,1.0,0.0,0.0,0.0,0.5555555555555556,0.0,0.0,1.2666666666666666,9.00945945945946,0.0
AJF0370,2.7476562500000004,18.0,117.0,1001.0,2323.0,135.0,0.4342105263157895,0.0,1.0,6.4,0.4081151832460733,694.0
OKC0107,0.21359649122807234,0.0,1.0,0.0,0.0,0.0,0.37383177570093457,0.0,0.0,1.2666666666666666,9.085585585585587,0.0
OCS0865,0.8419191919191906,0.0,2.0,159.0,207.0,11.0,0.5459459459459459,0.0,1.0,2.2,7.663589743589743,0.0
UJC0737,0.0,0.0,1.0,0.0,0.0,0.0,0.3657142857142857,0.0,0.0,1.2666666666666666,8.994144144144144,0.0
MCF0327,0.0,0.0,1.0,0.0,0.0,0.0,0.5191256830601093,0.0,0.0,1.2666666666666666,8.106756756756756,0.0
SGS0268,0.0,0.0,1.0,0.0,0.0,0.0,0.4095238095238095,0.0,0.0,1.2666666666666666,10.113513513513514,0.0
BNG0237,0.8940104166666671,0.0,1.0,0.0,0.0,0.0,0.37755102040816324,1.0,0.0,2.1333333333333333,8.114021164021164,0.0
OSH0655,0.2328947368421037,0.0,1.0,0.0,0.0,0.0,0.4166666666666667,0.0,0.0,1.2666666666666666,11.996846846846848,44.0
CSB0080,0.0,0.0,1.0,0.0,0.0,0.0,0.46774193548387094,1.0,1.0,1.2666666666666666,9.033333333333331,0.0
ERH0449,0.0,0.0,1.0,0.0,0.0,0.0,0.3,0.0,0.0,1.2666666666666666,10.013063063063065,0.0
EGK0893,0.24684684684684832,0.0,1.0,0.0,0.0,0.0,0.65625,0.0,0.0,1.2333333333333334,9.03963963963964,0.0
ESA0642,0.24774774774775032,0.0,1.0,0.0,0.0,0.0,0.6111111111111112,0.0,0.0,1.2333333333333334,12.019369369369368,50.0
CRK0916,1.1778606965174117,0.0,1.0,0.0,0.0,0.0,0.5585585585585585,0.0,2.0,2.2333333333333334,8.415656565656567,2.0
BBH0810,0.0,0.0,1.0,0.0,0.0,0.0,0.43119266055045874,0.0,0.0,1.2666666666666666,12.03198198198198,58.0
JRF0835,0.0,0.0,1.0,0.0,0.0,0.0,0.5833333333333334,0.0,0.0,1.2666666666666666,11.089189189189192,0.0
SJC0333,0.0,0.0,2.0,0.0,0.0,0.0,0.40540540540540543,0.0,1.0,1.6666666666666667,7.365986394557823,0.0
HCS0003,0.0,0.0,1.0,227.0,634.0,43.0,0.6050156739811913,0.0,1.0,1.2666666666666666,9.051801801801805,0.0
EMB0531,1.9161538461538434,0.0,1.0,0.0,0.0,0.0,0.5128205128205128,0.0,1.0,2.1666666666666665,6.084895833333333,0.0
JIM0095,0.0,0.0,1.0,0.0,0.0,0.0,0.475,0.0,0.0,1.2666666666666666,10.005405405405408,0.0
KJS0618,0.0,0.0,1.0,0.0,0.0,0.0,0.38764044943820225,0.0,0.0,1.2666666666666666,9.045495495495496,0.0
EBC0390,0.0,0.0,1.0,0.0,0.0,0.0,0.3333333333333333,0.0,1.0,1.2666666666666666,8.088288288288288,0.0
WGS0516,0.0,0.0,1.0,0.0,0.0,0.0,0.3783783783783784,0.0,0.0,1.2666666666666666,8.014864864864867,0.0
NGF0157,0.3349794238683117,10.0,2.0,30.0,87.0,10.0,0.408,0.0,1.0,2.7,6.789583333333333,10.0
KAT0489,0.0,0.0,1.0,0.0,0.0,0.0,0.3072916666666667,0.0,0.0,1.2666666666666666,9.051801801801805,0.0
CCH0685,2.220370370370368,0.0,2.0,0.0,0.0,0.0,0.4392523364485981,0.0,0.0,2.4,7.02887323943662,0.0
DMM0623,0.8952020202020208,0.0,1.0,0.0,0.0,0.0,0.3277777777777778,0.0,1.0,2.2,7.0920512820512815,0.0
SAH0599,0.0,0.0,1.0,0.0,0.0,0.0,0.5454545454545454,0.0,1.0,1.2666666666666666,10.034684684684686,0.0
CPG0322,0.15175438596491198,0.0,5.0,27.0,106.0,6.0,0.4350282485875706,0.0,0.0,1.9,4.229166666666667,0.0
OBH0499,1.6296099290780113,17.0,2.0,886.0,118.0,8.0,0.5487804878048781,0.0,1.0,3.1333333333333333,5.35573476702509,7.0
SNS0129,0.0,0.0,1.0,0.0,0.0,0.0,0.4090909090909091,0.0,0.0,1.2666666666666666,8.965765765765767,0.0
PKB0429,0.0,0.0,1.0,0.0,0.0,0.0,0.6146788990825688,1.0,1.0,1.2666666666666666,9.095945945945946,0.0
NAH0503,0.12623456790123377,8.0,2.0,0.0,0.0,0.0,0.5913461538461539,0.0,1.0,1.8,6.531132075471699,3.0
FRB0023,0.0,0.0,1.0,0.0,0.0,0.0,0.624,0.0,0.0,1.2666666666666666,7.98018018018018,0.0
CWB0065,0.2551948051948063,0.0,2.0,0.0,0.0,0.0,0.5648148148148148,3.0,1.0,2.566666666666667,4.358771929824562,0.0
ATP0662,1.7913725490196057,8.0,2.0,79.0,285.0,20.0,0.41847826086956524,0.0,1.0,2.833333333333333,5.631944444444445,14.0
DPM0423,0.58205128205128,0.0,2.0,252.0,301.0,11.0,0.336283185840708,0.0,0.0,1.7333333333333334,6.352614379084968,0.0
WKF0012,0.0,0.0,1.0,0.0,0.0,0.0,0.30952380952380953,0.0,0.0,1.2666666666666666,10.07072072072072,0.0
AKF0709,0.0,0.0,1.0,0.0,0.0,0.0,0.6363636363636364,0.0,0.0,1.2666666666666666,9.052252252252254,0.0
CJF0802,1.5038961038961034,1.0,2.0,0.0,0.0,0.0,0.3425925925925926,1.0,0.0,2.566666666666667,5.231385281385282,9.0
IRM0931,0.8623611111111114,35.0,2.0,124.0,478.0,19.0,0.4620253164556962,7.0,4.0,4.0,4.130112044817928,12.0
FQA0854,0.0,0.0,1.0,0.0,0.0,0.0,0.4900662251655629,0.0,0.0,1.2666666666666666,10.064414414414417,0.0
GRC0145,0.0,0.0,1.0,0.0,0.0,0.0,0.475,0.0,1.0,1.2666666666666666,7.103153153153153,0.0
KKS0119,0.23872549019607803,0.0,1.0,0.0,0.0,0.0,0.36875,0.0,1.0,2.2666666666666666,8.006467661691543,0.0
DBB0384,0.0,0.0,1.0,688.0,1768.0,74.0,0.34234234234234234,0.0,0.0,1.2666666666666666,8.089639639639639,0.0
TRK0914,0.0,0.0,1.0,0.0,0.0,0.0,0.34513274336283184,0.0,1.0,1.2333333333333334,11.014814814814814,0.0
BSA0431,0.0,0.0,1.0,0.0,0.0,0.0,0.514018691588785,0.0,0.0,1.2666666666666666,9.08108108108108,0.0
CFG0959,0.0,0.0,2.0,0.0,0.0,0.0,0.18181818181818182,0.0,0.0,1.5666666666666669,6.041304347826087,0.0
VMJ0147,0.0,0.0,1.0,0.0,0.0,0.0,0.4397590361445783,0.0,0.0,1.2666666666666666,10.054954954954956,0.0
SAT0194,0.0,0.0,1.0,0.0,0.0,0.0,0.32558139534883723,0.0,1.0,1.2666666666666666,10.007207207207207,0.0
DZC0228,0.0,0.0,1.0,0.0,0.0,0.0,0.4649122807017544,0.0,1.0,1.2666666666666666,11.054504504504504,0.0
TEB0251,0.7782051282051263,0.0,2.0,0.0,0.0,0.0,0.46226415094339623,0.0,0.0,2.1666666666666665,6.776822916666666,0.0
MNR0829,0.0,0.0,1.0,0.0,0.0,0.0,0.4,0.0,0.0,1.2666666666666666,11.065315315315315,0.0
DOP0562,0.0,0.0,1.0,0.0,0.0,0.0,0.4351851851851852,0.0,0.0,1.2666666666666666,9.053153153153152,0.0
UAD0771,1.4582125603864728,0.0,2.0,166.0,399.0,22.0,0.3870967741935484,0.0,0.0,2.3,5.492892156862745,0.0
ALD0544,0.0,0.0,1.0,0.0,0.0,0.0,0.3611111111111111,0.0,0.0,1.2666666666666666,9.986936936936935,0.0
LCB0664,1.2370892018779323,0.0,2.0,677.0,91.0,4.0,0.3855421686746988,0.0,1.0,2.3666666666666667,6.042380952380952,0.0
HCL0113,0.2175675675675688,0.0,1.0,0.0,0.0,0.0,0.5092592592592593,0.0,0.0,1.2333333333333334,9.060360360360365,0.0
TSB0437,0.0,0.0,1.0,0.0,0.0,0.0,0.5714285714285714,0.0,1.0,1.2666666666666666,9.051351351351352,0.0
EZH0736,0.0,0.0,1.0,0.0,0.0,0.0,0.2784090909090909,0.0,0.0,1.2666666666666666,9.086036036036038,0.0
JCG0316,0.7603375527426159,0.0,2.0,156.0,484.0,39.0,0.4748603351955307,2.0,1.0,2.6333333333333333,3.844017094017095,0.0
MSG0839,0.0,0.0,1.0,0.0,0.0,0.0,0.3333333333333333,0.0,0.0,1.2666666666666666,11.115765765765769,0.0
LJJ0905,0.30934959349593605,0.0,2.0,0.0,0.0,0.0,0.3235294117647059,0.0,0.0,1.3666666666666667,7.831666666666666,0.0
HCM0267,0.0,0.0,1.0,676.0,1687.0,95.0,0.5098039215686274,0.0,0.0,1.2666666666666666,8.124774774774773,0.0
MTB0620,0.9421568627450991,0.0,1.0,231.0,408.0,22.0,0.5,0.0,1.0,2.2666666666666666,7.090298507462685,0.0
CCH0182,0.0,0.0,1.0,0.0,0.0,0.0,0.4722222222222222,0.0,0.0,1.2666666666666666,11.096396396396395,0.0
CAM0681,1.8797979797979796,0.0,1.0,85.0,141.0,8.0,0.5897435897435898,0.0,0.0,2.2,8.13102564102564,0.0
LBH0942,0.15615079365079154,20.0,1.0,894.0,2310.0,118.0,0.2949640287769784,0.0,0.0,2.8,7.1166666666666645,0.0
CAB0388,1.1497652582159645,0.0,1.0,0.0,0.0,0.0,0.3619047619047619,0.0,0.0,2.3666666666666667,5.837857142857143,0.0
WGR0833,0.0,0.0,1.0,0.0,0.0,0.0,0.3333333333333333,0.0,2.0,1.2666666666666666,11.09954954954955,0.0
GQF0659,0.2548245614035114,0.0,1.0,0.0,0.0,0.0,0.34285714285714286,0.0,0.0,1.2666666666666666,12.008558558558557,45.0
CSP0197,1.8536144578313234,0.0,2.0,0.0,0.0,0.0,0.578125,0.0,0.0,2.7666666666666666,5.19390243902439,0.0
OMM0944,0.0,0.0,1.0,0.0,0.0,0.0,0.5,0.0,0.0,1.2666666666666666,9.03063063063063,0.0
IMP0530,0.0,0.0,1.0,0.0,0.0,0.0,0.3333333333333333,0.0,2.0,1.2666666666666666,8.031981981981982,0.0
ORB0473,0.0,0.0,1.0,0.0,0.0,0.0,0.5833333333333334,0.0,1.0,1.2666666666666666,10.123423423423423,0.0
JML0909,2.234313725490196,0.0,1.0,0.0,0.0,0.0,0.6764705882352942,0.0,0.0,2.2666666666666666,7.037009803921568,0.0
NDM0417,1.6284188034188034,0.0,2.0,162.0,283.0,19.0,0.4594594594594595,0.0,0.0,2.6,6.112337662337664,0.0
FRL0511,0.0,0.0,1.0,0.0,0.0,0.0,0.36363636363636365,0.0,2.0,1.2666666666666666,8.073873873873874,0.0
LAP0338,0.30629251700679916,28.0,1.0,0.0,0.0,0.0,0.5510204081632653,0.0,1.0,3.2666666666666666,8.930756013745704,0.0
HCV0478,1.2865196078431378,0.0,1.0,0.0,0.0,0.0,0.44886363636363635,0.0,0.0,2.2666666666666666,6.985820895522388,0.0
KJA0152,0.0,0.0,1.0,0.0,0.0,0.0,0.5038167938931297,0.0,1.0,1.2666666666666666,10.006306306306309,0.0
BSS0463,0.0,0.0,2.0,0.0,0.0,0.0,0.5,0.0,1.0,1.3333333333333333,9.20982905982906,0.0
AIM0627,0.0,0.0,1.0,0.0,0.0,0.0,0.3743016759776536,0.0,2.0,1.2666666666666666,9.055855855855857,0.0
RAH0440,0.0,0.0,1.0,0.0,0.0,0.0,0.5277777777777778,0.0,0.0,1.2666666666666666,9.037387387387383,0.0
XHG0902,0.20450450450450575,0.0,1.0,0.0,0.0,0.0,0.4864864864864865,0.0,0.0,1.2333333333333334,9.072972972972972,0.0
TDJ0998,1.2419117647058808,0.0,1.0,0.0,0.0,0.0,0.28695652173913044,1.0,0.0,2.2666666666666666,9.014676616915423,0.0
JPA0667,0.0,0.0,1.0,0.0,0.0,0.0,0.4883720930232558,0.0,0.0,1.2666666666666666,8.106756756756756,0.0
EHR0096,0.0,0.0,1.0,0.0,0.0,0.0,0.5514018691588785,0.0,1.0,1.2666666666666666,10.042342342342344,0.0
SJW0451,0.0,0.0,1.0,0.0,0.0,0.0,0.16666666666666666,0.0,1.0,1.2666666666666666,10.04954954954955,0.0
CNB0900,0.1960526315789508,0.0,1.0,0.0,0.0,0.0,0.4722222222222222,0.0,0.0,1.2666666666666666,9.1027027027027,0.0
CTA0020,1.0543589743589763,0.0,2.0,678.0,84.0,5.0,0.366412213740458,0.0,1.0,2.1666666666666665,7.71328125,0.0
SRS0231,0.0,0.0,1.0,0.0,0.0,0.0,0.5096153846153846,0.0,1.0,1.2666666666666666,11.084234234234232,0.0
HWH0646,2.065128205128204,0.0,1.0,0.0,0.0,0.0,0.5142857142857142,0.0,0.0,2.1666666666666665,10.213076923076924,47.0
CCM0855,0.0,0.0,1.0,0.0,0.0,0.0,0.3728813559322034,0.0,0.0,1.2666666666666666,10.032432432432431,0.0
SED0886,2.363852813852816,0.0,2.0,0.0,0.0,0.0,0.32432432432432434,0.0,0.0,2.566666666666667,4.746271929824561,9.0
LBC0356,1.9184162062615098,0.0,103.0,0.0,0.0,0.0,0.4153846153846154,0.0,2.0,6.033333333333333,0.4052777777777777,130.0
CKH0144,0.0,0.0,1.0,0.0,0.0,0.0,0.45714285714285713,1.0,0.0,1.2666666666666666,10.02162162162162,0.0
MVF0594,0.0,0.0,1.0,0.0,0.0,0.0,0.75,0.0,2.0,1.2666666666666666,10.082882882882885,0.0
ATF0274,0.0,0.0,1.0,0.0,0.0,0.0,0.5701754385964912,0.0,1.0,1.2666666666666666,10.086486486486486,0.0
KTG0091,0.0,0.0,1.0,0.0,0.0,0.0,0.47572815533980584,0.0,0.0,1.2666666666666666,8.11171171171171,0.0
ACC0042,2.297435897435898,0.0,110.0,0.0,0.0,0.0,0.4628099173553719,1.0,0.0,5.2,0.4972222222222222,136.0
AKW0167,0.0,0.0,1.0,0.0,0.0,0.0,0.5267175572519084,0.0,0.0,1.2666666666666666,8.073873873873874,0.0
KPR0497,1.6595833333333339,0.0,2.0,0.0,0.0,0.0,0.4484848484848485,1.0,1.0,2.6666666666666665,4.9069620253164565,0.0
ABN0239,0.9343283582089565,0.0,1.0,0.0,0.0,0.0,0.44036697247706424,0.0,0.0,2.2333333333333334,8.082323232323233,0.0
CKB0482,0.0,0.0,1.0,0.0,0.0,0.0,0.5608465608465608,0.0,1.0,1.2666666666666666,9.09279279279279,0.0
AMH0464,0.0,0.0,1.0,0.0,0.0,0.0,0.5,0.0,1.0,1.2666666666666666,10.034234234234232,0.0
SGG0787,1.3012820512820529,0.0,1.0,0.0,0.0,0.0,0.37267080745341613,0.0,1.0,2.1666666666666665,10.173697916666669,55.0
SIJ0661,0.0,0.0,1.0,0.0,0.0,0.0,0.45,0.0,0.0,1.2666666666666666,7.998648648648647,0.0
BTW0005,0.0,0.0,2.0,0.0,0.0,0.0,0.42567567567567566,0.0,2.0,1.7333333333333334,5.32516339869281,0.0
RLB0719,0.0,1.0,1.0,0.0,0.0,0.0,0.38461538461538464,0.0,1.0,1.3333333333333333,8.355128205128207,2.0
WDO0870,0.0,1.0,4.0,0.0,0.0,0.0,0.4880952380952381,0.0,1.0,1.7,6.12843137254902,18.0
KCB0815,1.4369565217391305,0.0,1.0,0.0,0.0,0.0,0.44642857142857145,0.0,0.0,2.3,10.049264705882353,42.0
VCY0751,0.989646464646464,0.0,1.0,0.0,0.0,0.0,0.35195530726256985,0.0,1.0,2.2,6.99948717948718,0.0
BAJ0654,1.6507575757575754,0.0,7.0,28.0,589.0,24.0,0.35294117647058826,0.0,0.0,1.4666666666666666,10.10813953488372,47.0
MKL0941,0.0,0.0,1.0,0.0,0.0,0.0,0.19047619047619047,0.0,1.0,1.2666666666666666,9.037387387387383,0.0
DBS0235,0.0,0.0,4.0,0.0,0.0,0.0,0.65,0.0,0.0,1.3666666666666667,9.902916666666666,0.0
JJH0613,1.3339999999999996,0.0,2.0,227.0,305.0,16.0,0.3016759776536313,0.0,1.0,2.5,5.25900900900901,0.0
UFK0208,0.8026315789473664,0.0,2.0,0.0,0.0,0.0,0.509090909090909,0.0,2.0,2.533333333333333,4.584666666666668,0.0
BLB0114,2.417543859649122,0.0,2.0,0.0,0.0,0.0,0.4,0.0,1.0,2.533333333333333,5.577777777777779,0.0
CKD0680,0.0,0.0,1.0,0.0,0.0,0.0,0.5221238938053098,0.0,0.0,1.2666666666666666,8.09774774774775,0.0
MKG0711,0.0,0.0,1.0,0.0,0.0,0.0,0.9166666666666666,0.0,0.0,1.2666666666666666,9.054954954954956,0.0
IIL0513,0.0,9.0,1.0,0.0,0.0,0.0,0.6304347826086957,0.0,1.0,1.5666666666666669,8.016304347826088,0.0
TSM0363,1.8211187214611861,0.0,105.0,0.0,0.0,0.0,0.28346456692913385,0.0,0.0,4.866666666666666,0.4727168949771689,131.0
PBP0002,0.0,0.0,1.0,0.0,0.0,0.0,0.3049645390070922,1.0,0.0,1.2666666666666666,7.059909909909909,0.0
GTD0898,0.25540540540540846,0.0,1.0,0.0,0.0,0.0,0.4444444444444444,0.0,0.0,1.2333333333333334,9.003153153153153,0.0
CJH0702,0.0,0.0,1.0,0.0,0.0,0.0,0.15384615384615385,0.0,1.0,1.2666666666666666,9.0509009009009,0.0
DMK0257,0.2093495934959364,0.0,2.0,156.0,317.0,16.0,0.3302752293577982,0.0,0.0,2.7333333333333334,4.334146341463415,17.0
WIQ0567,1.8827235772357707,18.0,1.0,86.0,406.0,27.0,0.3380281690140845,0.0,0.0,2.7333333333333334,7.14238683127572,0.0
PTH0830,0.0,7.0,1.0,0.0,0.0,0.0,0.75,0.0,1.0,1.5,11.08939393939394,0.0
NCO0666,0.9430348258706474,0.0,1.0,0.0,0.0,0.0,0.4716981132075472,0.0,0.0,2.2333333333333334,6.088383838383837,0.0
MHG0733,0.0,0.0,1.0,0.0,0.0,0.0,0.489247311827957,0.0,1.0,1.2666666666666666,9.007657657657658,0.0
RAW0915,1.7813492063492085,11.0,4.0,102.0,57.0,5.0,0.4,3.0,0.0,2.8,8.483734939759035,0.0
HAM0985,0.0,0.0,1.0,0.0,0.0,0.0,0.5370370370370371,2.0,0.0,1.2666666666666666,10.032432432432431,0.0
SAB0781,1.5446078431372552,0.0,1.0,81.0,322.0,19.0,0.32432432432432434,0.0,2.0,2.2666666666666666,5.96318407960199,0.0
IBM0671,0.8247474747474755,0.0,2.0,34.0,182.0,10.0,0.6140350877192983,0.0,3.0,2.2,5.768461538461539,0.0
YDN0198,0.5420398009950258,0.0,2.0,0.0,0.0,0.0,0.37037037037037035,0.0,0.0,2.2333333333333334,5.7116161616161625,0.0
GAF0060,0.0,0.0,1.0,0.0,0.0,0.0,0.46601941747572817,0.0,1.0,1.2666666666666666,11.011261261261264,0.0
AMM0014,0.0,0.0,1.0,0.0,0.0,0.0,0.37850467289719625,0.0,2.0,1.2666666666666666,11.09144144144144,0.0
AMV0036,0.0,0.0,1.0,0.0,0.0,0.0,0.4251497005988024,0.0,1.0,1.2666666666666666,8.090540540540543,0.0
MOP0763,0.0,0.0,1.0,0.0,0.0,0.0,0.29411764705882354,0.0,3.0,1.2666666666666666,8.103153153153153,0.0
CBG0490,0.0,0.0,1.0,0.0,0.0,0.0,0.5344827586206896,0.0,0.0,1.2666666666666666,9.064864864864866,0.0
CNE0352,0.0,0.0,1.0,0.0,0.0,0.0,0.4368932038834951,0.0,0.0,1.2666666666666666,9.07117117117117,0.0
GQP0743,0.0,0.0,1.0,0.0,0.0,0.0,0.6045197740112994,0.0,1.0,1.2666666666666666,9.109009009009007,0.0
PTH0552,0.8408854166666675,0.0,1.0,0.0,0.0,0.0,0.5128205128205128,1.0,0.0,2.1333333333333333,8.101058201058203,0.0
GLR0975,0.7701492537313417,0.0,1.0,0.0,0.0,0.0,0.4696969696969697,0.0,1.0,2.2333333333333334,8.256313131313131,0.0
BKW0374,2.5579569892473106,0.0,112.0,0.0,0.0,0.0,0.3458646616541353,0.0,0.0,5.166666666666667,0.348494623655914,145.0
AIP0982,0.7287878787878768,0.0,1.0,93.0,1427.0,88.0,0.47619047619047616,0.0,0.0,2.2,7.990512820512822,0.0
KRV0372,2.1582781456953644,0.0,104.0,0.0,0.0,0.0,0.4318181818181818,0.0,1.0,5.033333333333333,0.386,154.0
JBD0616,1.2065315315315317,0.0,2.0,683.0,97.0,2.0,0.558974358974359,0.0,1.0,2.466666666666667,6.065753424657534,0.0
RUM0880,0.8584541062801918,1.0,2.0,158.0,424.0,25.0,0.48333333333333334,0.0,0.0,2.3,7.053186274509804,13.0
SMY0792,1.394444444444444,0.0,4.0,80.0,236.0,13.0,0.40350877192982454,0.0,0.0,2.6,5.113636363636363,0.0
HOB0994,0.21351351351351688,0.0,1.0,0.0,0.0,0.0,0.4396551724137931,0.0,0.0,1.2333333333333334,12.08783783783784,52.0
KJJ0293,2.4660416666666656,0.0,2.0,74.0,103.0,2.0,0.2222222222222222,0.0,1.0,2.6666666666666665,5.176793248945146,0.0
JXH0493,0.0,0.0,1.0,0.0,0.0,0.0,0.5617283950617284,1.0,0.0,1.2666666666666666,9.055405405405404,0.0
JPW0741,0.0,0.0,1.0,0.0,0.0,0.0,0.4329896907216495,0.0,1.0,1.2666666666666666,9.093243243243244,0.0
NMG0766,0.0,0.0,1.0,0.0,0.0,0.0,0.42424242424242425,0.0,1.0,1.2666666666666666,7.99054054054054,0.0
HMW0713,0.0,0.0,1.0,0.0,0.0,0.0,0.5,0.0,0.0,1.2666666666666666,9.022972972972973,0.0
MAH0864,0.0,0.0,1.0,0.0,0.0,0.0,0.27167630057803466,0.0,0.0,1.2666666666666666,10.09324324324324,0.0
QNF0205,0.0,0.0,1.0,0.0,0.0,0.0,0.45112781954887216,0.0,0.0,1.2666666666666666,10.071171171171173,0.0
KKW0879,0.0,5.0,2.0,766.0,356.0,20.0,0.4576271186440678,1.0,2.0,1.6666666666666667,7.741496598639457,4.0
RVF0201,0.3203980099502495,0.0,2.0,86.0,63.0,9.0,0.381294964028777,0.0,0.0,2.2333333333333334,7.924494949494949,0.0
TMA0069,0.0,0.0,1.0,0.0,0.0,0.0,0.5043478260869565,0.0,0.0,1.2666666666666666,10.075675675675676,0.0
SBN0866,0.0,0.0,1.0,94.0,1329.0,76.0,0.47305389221556887,0.0,0.0,1.3333333333333333,9.023504273504273,2.0
ZJE0857,0.0,2.0,2.0,0.0,0.0,0.0,0.44878048780487806,0.0,0.0,1.3666666666666667,9.630416666666669,0.0
HPM0986,0.0,0.0,1.0,0.0,0.0,0.0,0.5032258064516129,0.0,0.0,1.2666666666666666,10.0490990990991,0.0
CJP0952,0.3634803921568608,0.0,2.0,0.0,0.0,0.0,0.2727272727272727,0.0,0.0,2.2666666666666666,6.671890547263682,0.0
CWR0502,1.3166666666666664,0.0,2.0,77.0,161.0,9.0,0.5061728395061729,0.0,0.0,2.466666666666667,5.494977168949772,0.0
SLB0049,0.0,0.0,1.0,0.0,0.0,0.0,0.40096618357487923,9.0,0.0,1.2666666666666666,9.010360360360355,0.0
IDO0176,0.0,0.0,1.0,0.0,0.0,0.0,0.1912568306010929,0.0,1.0,1.2666666666666666,8.095945945945946,0.0
AGB0186,0.0,0.0,1.0,0.0,0.0,0.0,0.32432432432432434,0.0,0.0,1.2666666666666666,10.967567567567569,0.0
RJB0088,0.0,0.0,1.0,0.0,0.0,0.0,0.48,0.0,0.0,1.2666666666666666,9.074324324324325,0.0
OCB0805,0.0,0.0,1.0,0.0,0.0,0.0,0.3148148148148148,8.0,0.0,1.2666666666666666,9.05855855855856,0.0
ETR0428,0.0,0.0,2.0,0.0,0.0,0.0,0.48148148148148145,0.0,0.0,1.7,5.390666666666667,0.0
IKP0472,1.1896024464831783,34.0,2.0,126.0,152.0,10.0,0.5,0.0,1.0,3.633333333333333,6.1125,0.0
LHB0967,0.0,0.0,1.0,0.0,0.0,0.0,0.3076923076923077,0.0,1.0,1.2666666666666666,9.100450450450449,0.0
CCM0467,0.0,0.0,1.0,0.0,0.0,0.0,0.36363636363636365,0.0,0.0,1.2666666666666666,10.12117117117117,0.0
GKO0078,0.48020833333333357,0.0,2.0,82.0,194.0,13.0,0.38095238095238093,0.0,1.0,2.6666666666666665,5.316244725738397,0.0
GNS0178,0.14473684210526372,0.0,2.0,20.0,439.0,21.0,0.45614035087719296,3.0,2.0,2.533333333333333,6.432888888888889,9.0
SSS0345,0.0,0.0,1.0,0.0,0.0,0.0,0.4,0.0,1.0,1.2666666666666666,11.027027027027025,0.0
ALH0402,0.0,0.0,1.0,0.0,0.0,0.0,0.4056603773584906,0.0,1.0,1.2666666666666666,11.061711711711707,0.0
AKK0329,0.0,0.0,1.0,0.0,0.0,0.0,0.47368421052631576,1.0,1.0,1.2666666666666666,11.025225225225224,0.0
EWH0191,0.46268656716417844,0.0,1.0,0.0,0.0,0.0,0.4303030303030303,0.0,1.0,2.2333333333333334,6.032070707070706,0.0
TVS0050,0.41534090909090793,1.0,2.0,0.0,0.0,0.0,0.24770642201834864,31.0,1.0,2.933333333333333,2.788888888888889,16.0
TUC0632,0.22543859649122844,0.0,1.0,0.0,0.0,0.0,0.6,0.0,0.0,1.2666666666666666,12.077927927927924,42.0
SKG0759,0.0,0.0,1.0,0.0,0.0,0.0,0.6666666666666666,0.0,1.0,1.2666666666666666,8.031081081081082,0.0
IMG0320,0.0,0.0,1.0,0.0,0.0,0.0,0.3407821229050279,0.0,0.0,1.2666666666666666,8.014864864864865,0.0
BBG0325,0.637990196078432,0.0,2.0,86.0,68.0,2.0,0.5604395604395604,0.0,0.0,2.2666666666666666,5.961691542288556,0.0
CTW0500,0.0,0.0,1.0,0.0,0.0,0.0,0.32450331125827814,0.0,0.0,1.2666666666666666,9.086036036036036,0.0
SBN0495,0.0,0.0,1.0,0.0,0.0,0.0,0.6055555555555555,0.0,2.0,1.2666666666666666,9.025675675675672,0.0
ELH0960,0.0,0.0,1.0,0.0,0.0,0.0,0.2,0.0,0.0,1.2666666666666666,9.097747747747745,0.0
TSG0906,2.2015624999999996,0.0,1.0,0.0,0.0,0.0,0.16666666666666666,0.0,0.0,2.1333333333333333,7.064322916666667,0.0
JMK0099,0.7291139240506315,0.0,2.0,29.0,102.0,6.0,0.5294117647058824,0.0,0.0,2.6333333333333333,5.095299145299145,0.0
MKP0861,0.8101449275362302,0.0,1.0,0.0,0.0,0.0,0.6011560693641619,0.0,0.0,2.3,7.948529411764706,0.0
HIW0536,0.0,0.0,1.0,0.0,0.0,0.0,0.4421768707482993,0.0,1.0,1.2666666666666666,10.136486486486488,0.0
CTR0697,0.7922885572139329,0.0,1.0,0.0,0.0,0.0,0.5384615384615384,0.0,0.0,2.2333333333333334,6.906313131313131,0.0
BHC0665,0.3459183673469379,0.0,2.0,0.0,0.0,0.0,0.2916666666666667,0.0,0.0,1.6333333333333333,5.211805555555555,0.0
WIF0691,1.7893229166666664,0.0,2.0,625.0,1723.0,96.0,0.46464646464646464,0.0,1.0,2.1333333333333333,8.042857142857141,0.0
HWM0342,0.0,0.0,2.0,0.0,0.0,0.0,0.6944444444444444,0.0,1.0,1.3666666666666667,9.86,0.0
MNC0717,0.9778481012658222,0.0,2.0,0.0,0.0,0.0,0.3333333333333333,0.0,2.0,2.6333333333333333,5.023931623931623,0.0
ARB0881,0.216228070175438,0.0,1.0,0.0,0.0,0.0,0.6857142857142857,0.0,0.0,1.2666666666666666,9.082882882882885,0.0
AHC0142,0.5775720164609055,8.0,2.0,0.0,0.0,0.0,0.5241935483870968,1.0,1.0,2.7,7.233958333333334,0.0
ZFM0468,0.0,0.0,1.0,0.0,0.0,0.0,0.5,0.0,2.0,1.2666666666666666,10.01981981981982,0.0
DIW0118,0.39957805907172883,0.0,2.0,156.0,282.0,16.0,0.30386740331491713,0.0,1.0,2.6333333333333333,4.773290598290599,0.0
USH0199,0.0,0.0,1.0,35.0,58.0,3.0,0.4864864864864865,0.0,3.0,1.2666666666666666,8.099999999999998,0.0
MAD0753,0.0,0.0,1.0,0.0,0.0,0.0,0.41361256544502617,0.0,1.0,1.2666666666666666,9.01261261261261,0.0
KDS0349,0.0,0.0,1.0,0.0,0.0,0.0,0.50920245398773,0.0,0.0,1.2666666666666666,8.014864864864863,0.0
LJB0826,0.0,0.0,1.0,0.0,0.0,0.0,0.3333333333333333,0.0,1.0,1.2666666666666666,10.981531531531534,0.0
FKK0055,1.6670212765957455,24.0,2.0,37.0,116.0,7.0,0.46,0.0,0.0,3.1333333333333333,6.5896057347670265,0.0
FPC0954,0.0,0.0,1.0,0.0,0.0,0.0,0.4166666666666667,0.0,1.0,1.2666666666666666,9.058108108108106,0.0
CXC0336,0.0,0.0,1.0,0.0,0.0,0.0,0.42857142857142855,0.0,0.0,1.2666666666666666,10.994144144144144,0.0
FDE0117,0.0,0.0,1.0,0.0,0.0,0.0,0.5149700598802395,0.0,0.0,1.2666666666666666,11.051351351351348,0.0
FUM0015,0.0,0.0,1.0,0.0,0.0,0.0,0.2523364485981308,0.0,1.0,1.2666666666666666,11.026576576576575,0.0
NAB0801,0.0,0.0,1.0,0.0,0.0,0.0,0.4351851851851852,0.0,1.0,1.2666666666666666,9.07072072072072,0.0
GJT0386,0.0,0.0,1.0,0.0,0.0,0.0,0.5663716814159292,5.0,0.0,1.2666666666666666,7.991441441441442,0.0
KAC0124,0.0,0.0,1.0,0.0,0.0,0.0,0.4074074074074074,0.0,0.0,1.2666666666666666,11.01891891891892,0.0
CCR0863,0.0,0.0,1.0,0.0,0.0,0.0,0.5245901639344263,0.0,0.0,1.2666666666666666,10.044594594594594,0.0
TTD1000,0.0,0.0,1.0,0.0,0.0,0.0,0.5754716981132075,0.0,0.0,1.2666666666666666,11.077927927927927,0.0
OKB0439,0.0,0.0,1.0,0.0,0.0,0.0,0.2897196261682243,0.0,0.0,1.2666666666666666,9.078378378378376,0.0
XAA0104,0.41309523809523974,0.0,1.0,32.0,106.0,6.0,0.32727272727272727,0.0,0.0,2.333333333333333,7.841304347826088,0.0
RFP0380,0.0,0.0,1.0,0.0,0.0,0.0,0.39215686274509803,0.0,1.0,1.2666666666666666,8.066216216216215,0.0
JTS0389,0.0,0.0,3.0,31.0,90.0,4.0,0.6090909090909091,0.0,1.0,1.5666666666666669,5.714855072463767,0.0
CMS0454,0.0,0.0,1.0,0.0,0.0,0.0,0.16666666666666666,0.0,1.0,1.2666666666666666,10.018468468468466,0.0
JKB0126,0.0,0.0,1.0,0.0,0.0,0.0,0.5309734513274337,0.0,0.0,1.2666666666666666,11.057207207207208,0.0
LAM0911,1.3412698412698418,0.0,1.0,0.0,0.0,0.0,0.509090909090909,0.0,2.0,2.1,9.181451612903228,0.0
GCC0744,0.0,0.0,1.0,0.0,0.0,0.0,0.46153846153846156,0.0,1.0,1.2666666666666666,9.113513513513515,0.0
CLH0703,0.0,0.0,1.0,0.0,0.0,0.0,0.5454545454545454,0.0,1.0,1.2666666666666666,9.095945945945944,0.0
KMW0545,0.8949494949494952,0.0,1.0,28.0,87.0,7.0,0.5151515151515151,0.0,0.0,2.2,8.082820512820515,0.0
NHH0185,0.0,0.0,1.0,0.0,0.0,0.0,0.3333333333333333,0.0,0.0,1.2666666666666666,11.066216216216215,0.0
NCE0097,0.0,0.0,1.0,0.0,0.0,0.0,0.4766355140186916,0.0,0.0,1.2666666666666666,10.086936936936938,0.0
AJC0840,0.0,0.0,1.0,0.0,0.0,0.0,0.4166666666666667,0.0,0.0,1.2666666666666666,10.999099099099098,0.0
GCC0945,0.0,0.0,1.0,0.0,0.0,0.0,0.5,0.0,1.0,1.2666666666666666,9.069819819819822,0.0
NAB0903,0.23243243243243228,0.0,1.0,0.0,0.0,0.0,0.41935483870967744,0.0,0.0,1.2333333333333334,9.039189189189187,0.0
AOS0987,2.8004385964912277,0.0,2.0,0.0,0.0,0.0,0.4056603773584906,0.0,0.0,2.533333333333333,5.853508771929825,0.0
JAD0609,0.125,0.0,3.0,0.0,0.0,0.0,0.33714285714285713,0.0,1.0,1.6,6.456382978723404,0.0
AMW0392,0.9756410256410284,23.0,1.0,0.0,0.0,0.0,0.39416058394160586,0.0,0.0,3.033333333333333,9.052407407407408,0.0
FIR0920,1.0343333333333344,0.0,2.0,0.0,0.0,0.0,0.3904761904761905,0.0,0.0,1.6666666666666667,7.201020408163266,0.0
RNP0211,0.8497584541062846,0.0,1.0,239.0,572.0,27.0,0.3687150837988827,0.0,1.0,2.3,5.8651960784313735,0.0
RHY0079,0.4089743589743584,0.0,2.0,0.0,0.0,0.0,0.5536480686695279,0.0,0.0,1.3,8.27948717948718,0.0
CLS0296,0.0,0.0,1.0,0.0,0.0,0.0,0.16666666666666666,0.0,0.0,1.2666666666666666,9.025225225225226,0.0
JSA0775,0.0,0.0,1.0,0.0,0.0,0.0,0.6842105263157895,1.0,1.0,1.2666666666666666,8.109009009009009,0.0
RDM0115,0.0,0.0,1.0,0.0,0.0,0.0,0.5037037037037037,0.0,1.0,1.2666666666666666,9.04774774774775,0.0
JKM0303,0.036842105263156455,0.0,1.0,0.0,0.0,0.0,0.25,0.0,1.0,1.2666666666666666,8.974324324324325,0.0
IJM0139,0.007894736842105843,0.0,1.0,0.0,0.0,0.0,0.25,0.0,2.0,1.2666666666666666,8.971621621621622,0.0
SVL0940,0.0,0.0,1.0,0.0,0.0,0.0,0.5619047619047619,0.0,0.0,1.2666666666666666,9.11846846846847,0.0
LDG0459,1.4499999999999975,0.0,3.0,39.0,104.0,4.0,0.45454545454545453,0.0,1.0,2.566666666666667,6.186622807017544,0.0
ROB0272,0.0,0.0,1.0,0.0,0.0,0.0,0.330188679245283,0.0,0.0,1.2666666666666666,10.106306306306308,0.0
LNS0989,1.3057777777777808,0.0,2.0,0.0,0.0,0.0,0.4752475247524752,0.0,0.0,2.5,7.085360360360361,0.0
CNM0800,0.0,0.0,1.0,0.0,0.0,0.0,0.26666666666666666,0.0,0.0,1.2666666666666666,8.99954954954955,0.0
HGN0287,0.22072072072072046,0.0,1.0,0.0,0.0,0.0,0.2564102564102564,0.0,0.0,1.2333333333333334,9.043243243243245,0.0
KMS0657,0.23108108108107928,0.0,1.0,0.0,0.0,0.0,0.3235294117647059,0.0,0.0,1.2333333333333334,12.064414414414417,45.0
BMG0917,1.33955223880597,0.0,1.0,673.0,1625.0,94.0,0.30275229357798167,0.0,0.0,2.2333333333333334,8.691161616161617,2.0
HVB0037,0.0,7.0,1.0,0.0,0.0,0.0,0.5868544600938967,0.0,0.0,1.5,8.09621212121212,0.0
PNH0761,0.0,0.0,3.0,29.0,518.0,25.0,0.6578947368421053,0.0,0.0,1.5333333333333334,5.58768115942029,8.0
JLW0053,0.0,0.0,1.0,0.0,0.0,0.0,0.34705882352941175,0.0,1.0,1.2666666666666666,11.095945945945944,0.0
JNA0559,0.00175438596491162,0.0,1.0,0.0,0.0,0.0,0.3333333333333333,0.0,0.0,1.2666666666666666,8.990540540540541,0.0
OYM0026,0.5133333333333336,0.0,2.0,0.0,0.0,0.0,0.6310679611650486,0.0,0.0,1.3333333333333333,8.398717948717948,0.0
NIH0969,0.13507462686567173,0.0,1.0,0.0,0.0,0.0,0.3333333333333333,0.0,0.0,2.2333333333333334,7.089141414141414,0.0
RCC0617,0.0,0.0,1.0,0.0,0.0,0.0,0.5251396648044693,0.0,1.0,1.2666666666666666,9.088738738738735,0.0
GJD0298,0.0,0.0,1.0,0.0,0.0,0.0,0.5,0.0,0.0,1.2666666666666666,9.070720720720722,0.0
MLL0598,0.0,0.0,1.0,642.0,71.0,8.0,0.5,0.0,1.0,1.2666666666666666,10.04954954954955,0.0
DSM0591,0.0,0.0,1.0,0.0,0.0,0.0,0.5384615384615384,0.0,0.0,1.2666666666666666,10.08198198198198,0.0
SBN0971,0.0,9.0,1.0,41.0,95.0,8.0,0.25,0.0,0.0,1.5666666666666669,9.077898550724637,0.0
CCW0524,0.0,0.0,1.0,0.0,0.0,0.0,0.2857142857142857,0.0,0.0,1.2666666666666666,8.05630630630631,0.0
IWM0816,1.3544776119402968,0.0,1.0,0.0,0.0,0.0,0.38235294117647056,0.0,1.0,2.2333333333333334,10.162626262626263,49.0
JOL0024,0.0,0.0,1.0,0.0,0.0,0.0,0.2204724409448819,0.0,0.0,1.2666666666666666,10.060810810810809,0.0
ENL0100,0.0,0.0,1.0,0.0,0.0,0.0,0.3063063063063063,0.0,1.0,1.2666666666666666,10.003603603603604,0.0
TIW0299,0.008771929824559876,0.0,1.0,0.0,0.0,0.0,0.2,0.0,0.0,1.2666666666666666,8.961261261261262,0.0
ZSK0258,0.0,0.0,1.0,0.0,0.0,0.0,0.4017857142857143,1.0,1.0,1.2666666666666666,9.094144144144144,0.0
CGF0337,0.0,0.0,1.0,0.0,0.0,0.0,0.42105263157894735,0.0,0.0,1.2666666666666666,11.062162162162162,0.0
EHB0420,1.7698412698412689,19.0,2.0,0.0,0.0,0.0,0.5037037037037037,3.0,0.0,3.5,4.186538461538461,13.0
RGN0408,0.0,0.0,1.0,0.0,0.0,0.0,0.3137254901960784,0.0,1.0,1.2666666666666666,10.015315315315316,0.0
FHO0630,0.0,0.0,1.0,0.0,0.0,0.0,0.5027932960893855,0.0,0.0,1.2666666666666666,9.120270270270272,0.0
JKJ0698,0.0,15.0,4.0,0.0,0.0,0.0,0.5789473684210527,0.0,0.0,1.7666666666666666,8.20224358974359,0.0
SCF0608,0.0,0.0,1.0,0.0,0.0,0.0,0.46236559139784944,0.0,1.0,1.2666666666666666,9.032882882882884,0.0
BVC0790,2.3762411347517762,16.0,2.0,216.0,228.0,7.0,0.4253731343283582,5.0,1.0,3.1333333333333333,4.321453900709221,9.0
NRF0137,0.0,0.0,1.0,0.0,0.0,0.0,0.6363636363636364,0.0,0.0,1.2666666666666666,9.10945945945946,0.0
HDD0789,0.0,0.0,1.0,0.0,0.0,0.0,0.33707865168539325,0.0,0.0,1.2666666666666666,10.086036036036036,0.0
IEB0153,0.0,4.0,1.0,0.0,0.0,0.0,0.5538461538461539,0.0,0.0,1.4,10.047154471544715,0.0
ICH0294,0.9801418439716318,0.0,3.0,148.0,503.0,24.0,0.8333333333333334,0.0,0.0,1.5666666666666669,6.614855072463769,0.0
ZSL0305,0.0,0.0,1.0,0.0,0.0,0.0,0.8181818181818182,1.0,1.0,1.2666666666666666,9.029729729729729,0.0
AJP0723,0.0,0.0,1.0,0.0,0.0,0.0,0.4166666666666667,0.0,0.0,1.2666666666666666,9.043693693693692,0.0
GDF0704,0.8427536231884076,0.0,2.0,0.0,0.0,0.0,0.4166666666666667,0.0,0.0,2.3,6.520343137254901,0.0
TJD0996,0.0,0.0,1.0,0.0,0.0,0.0,0.29906542056074764,0.0,2.0,1.2666666666666666,11.004954954954956,0.0
OMS0101,0.0,0.0,1.0,0.0,0.0,0.0,0.4811320754716981,0.0,1.0,1.2666666666666666,9.982882882882882,0.0
BCM0653,0.21531531531531556,0.0,1.0,0.0,0.0,0.0,0.4,0.0,0.0,1.2333333333333334,12.082432432432432,50.0
BDB0453,0.0,0.0,1.0,0.0,0.0,0.0,0.5384615384615384,0.0,0.0,1.4666666666666666,7.843560606060606,9.0
NCK0421,0.0,0.0,1.0,0.0,0.0,0.0,0.5294117647058824,0.0,0.0,1.2666666666666666,10.077477477477478,0.0
MFV0897,0.22837837837837682,0.0,1.0,0.0,0.0,0.0,0.6111111111111112,0.0,0.0,1.2333333333333334,9.038738738738738,0.0
MAH0149,1.3883838383838398,0.0,1.0,0.0,0.0,0.0,0.5,1.0,0.0,2.2,6.120769230769231,0.0
ECR0822,0.0,0.0,1.0,0.0,0.0,0.0,0.4166666666666667,0.0,1.0,1.2666666666666666,11.02027027027027,0.0
POB0343,0.0,0.0,1.0,0.0,0.0,0.0,0.4358974358974359,2.0,0.0,1.2666666666666666,10.990540540540538,0.0
IRT0491,0.0,0.0,1.0,0.0,0.0,0.0,0.34615384615384615,0.0,0.0,1.2666666666666666,9.06891891891892,0.0
HKI0171,0.0,0.0,1.0,0.0,0.0,0.0,0.6309523809523809,3.0,0.0,1.2666666666666666,7.983333333333333,0.0
IAR0694,2.380797101449277,16.0,2.0,0.0,0.0,0.0,0.5407407407407407,0.0,0.0,3.066666666666667,5.885347985347986,0.0
CMM0487,0.0,0.0,1.0,0.0,0.0,0.0,0.6276595744680851,0.0,1.0,1.2666666666666666,9.024774774774777,0.0
AGB0643,0.21491228070175517,0.0,1.0,0.0,0.0,0.0,0.4166666666666667,0.0,0.0,1.2666666666666666,12.077027027027023,47.0
PID0426,0.0,0.0,6.0,0.0,0.0,0.0,0.3925233644859813,0.0,1.0,1.7666666666666666,4.709748427672957,17.0
HLM0933,0.0,0.0,1.0,0.0,0.0,0.0,0.23684210526315788,0.0,1.0,1.2666666666666666,9.05945945945946,0.0
KRL0062,0.0,0.0,1.0,0.0,0.0,0.0,0.425531914893617,0.0,1.0,1.2666666666666666,8.013963963963963,0.0
JDB0169,0.6909090909090914,0.0,1.0,626.0,1629.0,80.0,0.42105263157894735,0.0,0.0,2.2,6.013589743589743,0.0
ZJS0269,0.0,0.0,1.0,0.0,0.0,0.0,0.3783783783783784,1.0,2.0,1.2666666666666666,10.073423423423424,0.0
CJM0521,0.0,14.0,1.0,0.0,0.0,0.0,0.4339622641509434,0.0,1.0,1.7333333333333334,8.022222222222222,0.0
JRS0362,2.4333333333333336,0.0,122.0,0.0,0.0,0.0,0.2518518518518518,0.0,0.0,5.566666666666666,0.4283433133732535,169.0
WXH0872,0.19025157232704437,0.0,3.0,154.0,158.0,6.0,0.5138121546961326,0.0,0.0,1.7666666666666666,5.763141025641025,4.0
MHA0798,0.0,0.0,1.0,0.0,0.0,0.0,0.5,0.0,0.0,1.2666666666666666,9.017567567567568,0.0
JZD0888,0.21981981981982024,0.0,1.0,0.0,0.0,0.0,0.3333333333333333,0.0,0.0,1.2333333333333334,9.057207207207208,0.0
HDD0806,1.7895833333333364,24.0,4.0,0.0,0.0,0.0,0.4473684210526316,0.0,1.0,3.2,9.026666666666667,78.0
BSB0990,0.0,0.0,1.0,0.0,0.0,0.0,0.3465346534653465,0.0,0.0,1.2666666666666666,8.08918918918919,0.0
ALC0788,0.0,0.0,1.0,0.0,0.0,0.0,0.4473684210526316,0.0,0.0,1.2666666666666666,11.05045045045045,0.0
JCR0921,0.0,0.0,1.0,0.0,0.0,0.0,0.5471698113207547,0.0,2.0,1.2666666666666666,11.095045045045046,0.0
RRA0938,0.20920398009950247,0.0,1.0,0.0,0.0,0.0,0.19607843137254902,0.0,1.0,2.2333333333333334,7.056313131313132,0.0
SHW0578,0.0,0.0,1.0,0.0,0.0,0.0,0.46153846153846156,0.0,1.0,1.2666666666666666,10.053603603603602,0.0
GCL0016,1.2176829268292675,12.0,2.0,28.0,29.0,3.0,0.3609022556390977,0.0,1.0,2.7333333333333334,7.35946502057613,0.0
IHK0841,0.0,0.0,1.0,0.0,0.0,0.0,0.45454545454545453,0.0,0.0,1.2666666666666666,11.054504504504504,0.0
ALD0529,2.0828431372549048,0.0,1.0,0.0,0.0,0.0,0.39473684210526316,0.0,0.0,2.2666666666666666,5.889054726368159,0.0
KRG0158,0.0,0.0,1.0,0.0,0.0,0.0,0.48148148148148145,0.0,1.0,1.2666666666666666,9.095495495495497,0.0
TJB0302,0.0,0.0,1.0,0.0,0.0,0.0,0.4,0.0,0.0,1.2666666666666666,9.08783783783784,0.0
ILC0838,0.0,0.0,1.0,0.0,0.0,0.0,0.3333333333333333,0.0,0.0,1.2666666666666666,11.095945945945946,0.0
RIH0777,0.0,0.0,1.0,0.0,0.0,0.0,0.4166666666666667,0.0,1.0,1.2666666666666666,8.123423423423423,0.0
HCW0419,1.1215686274509782,0.0,1.0,0.0,0.0,0.0,0.36036036036036034,0.0,0.0,2.2666666666666666,7.833084577114427,0.0
DAL0673,1.0169117647058847,0.0,2.0,71.0,74.0,2.0,0.5233644859813084,0.0,0.0,2.2666666666666666,5.644527363184079,0.0
RMS0266,0.0,0.0,1.0,0.0,0.0,0.0,0.5137614678899083,0.0,0.0,1.2666666666666666,8.07972972972973,0.0
KDT0346,0.13285024154589564,0.0,1.0,0.0,0.0,0.0,0.28125,0.0,0.0,2.3,9.107598039215688,0.0
KAL0395,0.0,0.0,1.0,0.0,0.0,0.0,0.29896907216494845,0.0,4.0,1.2666666666666666,11.062612612612613,0.0
ARD0509,0.0,0.0,1.0,0.0,0.0,0.0,0.4166666666666667,0.0,0.0,1.2666666666666666,8.082882882882883,0.0
BTL0722,0.0,0.0,1.0,0.0,0.0,0.0,0.5,0.0,2.0,1.2666666666666666,9.09144144144144,0.0
WPE0538,0.0,0.0,1.0,0.0,0.0,0.0,0.40540540540540543,0.0,1.0,1.2666666666666666,10.01306306306306,0.0
CLF0852,1.0360082304526763,0.0,2.0,0.0,0.0,0.0,0.5104166666666666,0.0,1.0,2.7,5.402916666666667,0.0
HJA0018,0.8642857142857139,0.0,1.0,0.0,0.0,0.0,0.3283582089552239,0.0,0.0,2.1,8.143010752688172,0.0
MIM0712,0.0,0.0,1.0,0.0,0.0,0.0,0.3333333333333333,0.0,0.0,1.2666666666666666,9.02072072072072,0.0
JCW0858,0.0,0.0,1.0,0.0,0.0,0.0,0.6578947368421053,0.0,0.0,1.2666666666666666,10.041441441441442,0.0
DFR0218,2.8959490740740765,0.0,103.0,0.0,0.0,0.0,0.5419847328244275,0.0,1.0,4.8,0.8004629629629628,123.0
BAL0044,2.1517857142857135,1.0,116.0,262.0,607.0,44.0,0.43609022556390975,0.0,1.0,6.533333333333333,0.3942176870748299,650.0
ASS0206,0.0,0.0,1.0,0.0,0.0,0.0,0.5738636363636364,0.0,0.0,1.2666666666666666,8.008108108108107,0.0
ASG0048,0.0,0.0,1.0,0.0,0.0,0.0,0.224,9.0,1.0,1.2666666666666666,9.116666666666664,0.0
TET0621,0.0,0.0,3.0,0.0,0.0,0.0,0.4887640449438202,0.0,0.0,1.6666666666666667,5.509183673469387,0.0
ARA0252,0.8612820512820516,0.0,1.0,0.0,0.0,0.0,0.32432432432432434,0.0,0.0,2.1666666666666665,7.1578125,0.0
AMR0318,0.7480676328502422,0.0,1.0,39.0,46.0,3.0,0.32044198895027626,0.0,0.0,2.3,5.4299019607843135,6.0
WTF0387,0.0,0.0,1.0,0.0,0.0,0.0,0.5185185185185185,0.0,2.0,1.2666666666666666,8.03918918918919,0.0
AJL0462,1.0818840579710152,0.0,1.0,0.0,0.0,0.0,0.3333333333333333,0.0,1.0,2.3,6.547794117647058,7.0
SDF0017,0.0,0.0,1.0,0.0,0.0,0.0,0.37404580152671757,0.0,1.0,1.2666666666666666,10.107207207207209,0.0
RDM0150,0.0,0.0,1.0,0.0,0.0,0.0,0.46774193548387094,0.0,0.0,1.2666666666666666,8.023873873873873,0.0
HKF0831,0.0,0.0,1.0,0.0,0.0,0.0,0.5833333333333334,0.0,1.0,1.2666666666666666,11.083783783783783,0.0
DGF0443,0.0,0.0,1.0,0.0,0.0,0.0,0.35051546391752575,0.0,0.0,1.2666666666666666,9.08963963963964,0.0
CAB0614,1.2222972972973007,0.0,4.0,83.0,213.0,13.0,0.5052083333333334,0.0,1.0,2.466666666666667,6.14931506849315,0.0
DBG0261,0.0,0.0,1.0,0.0,0.0,0.0,0.43636363636363634,0.0,0.0,1.2666666666666666,9.105855855855856,0.0
ZDW0859,0.6585858585858606,0.0,1.0,0.0,0.0,0.0,0.35106382978723405,0.0,0.0,2.2,8.083846153846155,0.0
BWH0813,0.0,0.0,1.0,0.0,0.0,0.0,0.38095238095238093,0.0,1.0,1.2666666666666666,12.05225225225225,50.0
DMG0358,2.7368279569892486,0.0,108.0,0.0,0.0,0.0,0.6076923076923076,1.0,0.0,6.2,0.6017921146953404,148.0
MAE0331,0.0,0.0,1.0,0.0,0.0,0.0,0.38235294117647056,0.0,1.0,1.2666666666666666,11.08063063063063,0.0
AMD0077,0.0,0.0,1.0,0.0,0.0,0.0,0.5581395348837209,0.0,1.0,1.2666666666666666,8.008558558558558,0.0
XLB0710,0.0,0.0,1.0,0.0,0.0,0.0,0.3,0.0,0.0,1.2666666666666666,9.096396396396395,0.0
DAG0558,0.03640350877192766,0.0,1.0,0.0,0.0,0.0,0.6037735849056604,0.0,0.0,1.2666666666666666,8.957657657657656,0.0
WLV0566,0.003070175438596223,0.0,1.0,0.0,0.0,0.0,0.3333333333333333,0.0,2.0,1.2666666666666666,8.999549549549549,0.0
FBW0747,0.0,2.0,3.0,0.0,0.0,0.0,0.375,0.0,0.0,1.4333333333333331,8.203174603174602,0.0
IBB0359,2.2168528864059596,0.0,98.0,887.0,618.0,37.0,0.4032258064516129,0.0,0.0,5.966666666666667,0.5003724394785847,556.0
RAM0447,0.9443798449612419,18.0,1.0,0.0,0.0,0.0,0.6,0.0,0.0,2.8666666666666667,8.022549019607842,0.0
AJD0074,0.14058823529411946,11.0,2.0,30.0,99.0,2.0,0.5774647887323944,0.0,1.0,2.833333333333333,5.774801587301588,0.0
QJR0688,1.3644654088050299,4.0,2.0,85.0,201.0,9.0,0.47368421052631576,0.0,0.0,1.7666666666666666,6.476282051282051,0.0
HTF0641,0.22763157894736885,0.0,1.0,0.0,0.0,0.0,0.6388888888888888,0.0,0.0,1.2666666666666666,12.022072072072072,48.0
RDT0424,1.4103070175438592,0.0,3.0,84.0,109.0,6.0,0.3148148148148148,1.0,0.0,2.533333333333333,6.8437777777777775,0.0
XRS0633,2.422636815920397,0.0,1.0,0.0,0.0,0.0,0.6285714285714286,0.0,0.0,2.2333333333333334,9.85273631840796,50.0
RLG0856,0.8122065727699521,0.0,1.0,81.0,63.0,5.0,0.4540229885057471,0.0,1.0,2.3666666666666667,7.56,1.0
MLD0755,0.9252604166666671,0.0,1.0,0.0,0.0,0.0,0.5254237288135594,0.0,1.0,2.1333333333333333,7.078571428571428,0.0
ETR0177,0.0,0.0,1.0,0.0,0.0,0.0,0.35877862595419846,0.0,1.0,1.2666666666666666,10.045495495495498,0.0
RYB0718,0.0,0.0,1.0,0.0,0.0,0.0,0.36363636363636365,0.0,0.0,1.2666666666666666,8.98918918918919,0.0
AAE0190,0.0,0.0,1.0,0.0,0.0,0.0,0.41566265060240964,0.0,3.0,1.2666666666666666,10.081531531531532,0.0
DVM0265,0.0,0.0,3.0,0.0,0.0,0.0,0.4434782608695652,0.0,0.0,1.4333333333333331,6.480158730158729,0.0
JFC0757,0.0,0.0,1.0,0.0,0.0,0.0,0.3870967741935484,0.0,0.0,1.2666666666666666,8.012162162162161,0.0
AOB0019,0.0,0.0,1.0,0.0,0.0,0.0,0.3533834586466165,0.0,1.0,1.2666666666666666,9.991441441441442,0.0
AIP0394,1.0107981220657276,0.0,1.0,0.0,0.0,0.0,0.42990654205607476,0.0,0.0,2.3666666666666667,7.386854460093899,7.0
JJB0127,0.0,0.0,1.0,0.0,0.0,0.0,0.34579439252336447,0.0,0.0,1.2666666666666666,11.036036036036036,0.0
MCS0035,0.0,0.0,1.0,0.0,0.0,0.0,0.47878787878787876,0.0,0.0,1.2666666666666666,8.054504504504504,0.0
ABC0253,0.8128019323671527,0.0,1.0,0.0,0.0,0.0,0.5225225225225225,0.0,0.0,2.3,6.887990196078431,0.0
TQS0212,0.0,0.0,3.0,0.0,0.0,0.0,0.46794871794871795,0.0,1.0,1.3333333333333333,7.41068376068376,0.0
RSM0277,0.7160416666666656,0.0,2.0,99.0,72.0,4.0,0.5909090909090909,0.0,0.0,2.6666666666666665,5.94324894514768,0.0
JER0404,0.0,0.0,1.0,0.0,0.0,0.0,0.3925233644859813,0.0,2.0,1.2666666666666666,11.100450450450449,0.0
CIG0052,0.0,0.0,1.0,0.0,0.0,0.0,0.39552238805970147,0.0,0.0,1.2666666666666666,9.115765765765769,0.0
IIW0249,0.0,5.0,2.0,746.0,92.0,6.0,0.46875,0.0,2.0,1.5333333333333334,7.945555555555556,12.0
HVF0067,0.9591787439613508,0.0,2.0,157.0,426.0,29.0,0.3584905660377358,0.0,2.0,2.3,7.643872549019607,0.0
HWW0436,1.253375527426158,0.0,3.0,133.0,267.0,13.0,0.5039370078740157,0.0,1.0,2.6333333333333333,4.642521367521369,4.0
PEV0323,0.3538288288288296,1.0,3.0,0.0,0.0,0.0,0.4166666666666667,0.0,0.0,2.466666666666667,5.278153153153154,7.0
PGO0433,0.0,0.0,1.0,0.0,0.0,0.0,0.42,0.0,0.0,1.2666666666666666,9.111261261261262,0.0
MVB0515,2.3789583333333315,0.0,6.0,88.0,355.0,15.0,0.42857142857142855,0.0,2.0,2.6666666666666665,4.327215189873419,0.0
TJG0582,0.0,0.0,1.0,0.0,0.0,0.0,0.5,0.0,1.0,1.2666666666666666,10.135585585585584,0.0
SRH0155,0.22905982905983002,1.0,2.0,0.0,0.0,0.0,0.3586206896551724,0.0,0.0,2.6,5.580086580086581,2.0
IJM0444,1.4737500000000008,0.0,3.0,72.0,340.0,22.0,0.2978723404255319,3.0,0.0,2.6666666666666665,4.578481012658227,3.0
CIM0271,0.37892156862745274,0.0,2.0,153.0,302.0,18.0,0.28703703703703703,4.0,1.0,2.2666666666666666,7.318407960199004,0.0
CSL0949,0.0,0.0,1.0,0.0,0.0,0.0,0.36363636363636365,0.0,0.0,1.2666666666666666,9.06621621621622,0.0
AAN0823,0.0,0.0,1.0,0.0,0.0,0.0,0.3333333333333333,0.0,1.0,1.2666666666666666,11.002702702702702,0.0
AKH0758,0.0,0.0,1.0,0.0,0.0,0.0,0.39473684210526316,0.0,0.0,1.2666666666666666,8.087837837837839,0.0
HSG0818,1.4436868686868696,0.0,1.0,0.0,0.0,0.0,0.4722222222222222,0.0,0.0,2.2,10.005128205128203,46.0
MIL0255,0.0,0.0,1.0,0.0,0.0,0.0,0.6607142857142857,0.0,0.0,1.2666666666666666,8.990540540540541,0.0
JGM0934,0.3921428571428578,0.0,1.0,0.0,0.0,0.0,0.5412844036697247,1.0,0.0,2.333333333333333,6.837439613526571,0.0
KCO0122,1.6237089201877914,0.0,2.0,156.0,338.0,14.0,0.6262626262626263,0.0,0.0,2.3666666666666667,7.749061032863849,124.0
SGB0140,2.5599156118143487,0.0,3.0,0.0,0.0,0.0,0.5,0.0,0.0,2.6333333333333333,5.386324786324786,0.0
NAF0326,0.8707017543859639,18.0,9.0,209.0,485.0,20.0,0.46551724137931033,0.0,0.0,3.1666666666666665,4.3374113475177305,0.0
IUY0279,2.5618357487922694,0.0,2.0,0.0,0.0,0.0,0.4336283185840708,0.0,0.0,2.3,6.671014492753623,0.0
EIM0156,0.0,0.0,1.0,0.0,0.0,0.0,0.2831858407079646,0.0,2.0,1.2666666666666666,10.027027027027028,0.0
ABH0663,0.0,0.0,1.0,0.0,0.0,0.0,0.5405405405405406,0.0,1.0,1.2666666666666666,9.12117117117117,0.0
EZT0640,3.122008547008546,0.0,2.0,0.0,0.0,0.0,0.5,0.0,0.0,2.6,7.398268398268398,52.0
BAK0964,0.0,0.0,1.0,0.0,0.0,0.0,0.3333333333333333,0.0,2.0,1.2666666666666666,9.023873873873873,0.0
JCC0225,1.6245169082125592,0.0,99.0,0.0,0.0,0.0,0.4507042253521127,2.0,1.0,4.6,0.623550724637681,106.0
EMW0105,0.2184210526315784,0.0,1.0,0.0,0.0,0.0,0.4492753623188406,2.0,1.0,1.2666666666666666,9.057657657657655,0.0
SJF0094,0.0,0.0,1.0,0.0,0.0,0.0,0.5289256198347108,0.0,1.0,1.2666666666666666,8.023423423423424,0.0
CSJ0340,0.0,0.0,1.0,0.0,0.0,0.0,0.6571428571428571,0.0,0.0,1.2666666666666666,11.01891891891892,0.0
JHP0583,2.3440860215053743,13.0,2.0,185.0,334.0,18.0,0.42857142857142855,0.0,0.0,3.1,5.832065217391304,14.0
HSD0457,0.0,0.0,1.0,0.0,0.0,0.0,0.2727272727272727,0.0,0.0,1.2666666666666666,9.999099099099098,0.0
PGC0066,0.0,0.0,1.0,0.0,0.0,0.0,0.38636363636363635,0.0,1.0,1.2666666666666666,10.07072072072072,0.0
WDV0573,1.6005847953216357,0.0,3.0,0.0,0.0,0.0,0.5,0.0,1.0,1.9,5.376023391812866,16.0
QRM0739,0.0,0.0,2.0,680.0,1761.0,76.0,0.3630952380952381,2.0,0.0,1.3,8.539035087719299,0.0
ASS0517,1.9487745098039237,0.0,1.0,0.0,0.0,0.0,0.3611111111111111,0.0,1.0,2.2666666666666666,6.039800995024876,0.0
ESH0283,1.056746031746032,0.0,6.0,29.0,523.0,25.0,0.3490566037735849,0.0,2.0,1.4,7.790873015873015,0.0
WBC0192,0.5737442922374445,0.0,2.0,27.0,80.0,5.0,0.3023255813953488,0.0,0.0,2.433333333333333,7.661805555555556,0.0
PLH0715,0.0,0.0,1.0,0.0,0.0,0.0,0.45454545454545453,1.0,1.0,1.2666666666666666,9.076576576576576,0.0
KJG0910,0.25350877192982857,0.0,1.0,0.0,0.0,0.0,0.5454545454545454,0.0,0.0,1.2666666666666666,8.996396396396397,0.0
DBW0483,0.0,0.0,1.0,0.0,0.0,0.0,0.3446327683615819,0.0,0.0,1.2666666666666666,8.989639639639643,0.0
KBC0054,0.0,0.0,1.0,0.0,0.0,0.0,0.26,0.0,0.0,1.2666666666666666,9.115765765765769,0.0
KNB0022,0.0,0.0,1.0,0.0,0.0,0.0,0.5323741007194245,1.0,0.0,1.2666666666666666,8.097747747747748,0.0
PIS0522,2.132629107981222,0.0,3.0,0.0,0.0,0.0,0.3888888888888889,0.0,0.0,2.3666666666666667,4.755,0.0
ADD0846,0.0,0.0,1.0,0.0,0.0,0.0,0.38461538461538464,0.0,0.0,1.2666666666666666,11.001801801801802,0.0
NKP0236,0.0,0.0,1.0,27.0,61.0,2.0,0.3,0.0,0.0,1.3,9.559649122807016,1.0
VLB0647,0.1968468468468494,0.0,1.0,0.0,0.0,0.0,0.4594594594594595,0.0,0.0,1.2333333333333334,12.103153153153151,43.0
DKB0631,0.2083333333333357,0.0,1.0,0.0,0.0,0.0,0.6111111111111112,0.0,2.0,1.2666666666666666,12.037387387387389,44.0
KES0729,0.9054726368159223,0.0,2.0,0.0,0.0,0.0,0.30337078651685395,0.0,0.0,2.2333333333333334,6.795959595959595,0.0
IBB0696,0.7353535353535356,0.0,2.0,167.0,189.0,9.0,0.6363636363636364,0.0,2.0,2.2,6.755897435897436,0.0
BLL0929,0.0,0.0,1.0,0.0,0.0,0.0,0.2604166666666667,0.0,0.0,1.2666666666666666,9.146846846846843,0.0
HAH0248,0.0,0.0,1.0,0.0,0.0,0.0,0.26126126126126126,0.0,1.0,1.2666666666666666,9.112612612612612,0.0
NBC0412,0.0,0.0,1.0,0.0,0.0,0.0,0.5583333333333333,0.0,0.0,1.2666666666666666,10.026576576576575,0.0
CRP0456,0.0,0.0,1.0,0.0,0.0,0.0,0.2727272727272727,0.0,1.0,1.2666666666666666,10.12927927927928,0.0
JIG0128,0.0,0.0,1.0,0.0,0.0,0.0,0.48148148148148145,0.0,0.0,1.2666666666666666,11.13108108108108,0.0
IJR0825,0.0,0.0,1.0,0.0,0.0,0.0,0.5384615384615384,0.0,0.0,1.2666666666666666,11.109909909909907,0.0
ESH0135,0.0,0.0,1.0,0.0,0.0,0.0,0.75,0.0,1.0,1.2666666666666666,9.005855855855856,0.0
RHO0732,1.7478723404255323,0.0,3.0,162.0,184.0,7.0,0.3448275862068966,0.0,0.0,3.1333333333333333,2.750709219858157,34.0
DGW0752,0.6278645833333343,0.0,1.0,0.0,0.0,0.0,0.4632768361581921,0.0,1.0,2.1333333333333333,7.374867724867725,0.0
HPR0585,1.3820312500000007,0.0,1.0,0.0,0.0,0.0,0.5833333333333334,0.0,1.0,2.1333333333333333,8.133862433862433,0.0
TBT0461,0.0,0.0,1.0,0.0,0.0,0.0,0.3333333333333333,0.0,0.0,1.2666666666666666,10.081981981981984,0.0
SAK0375,2.1345474613686566,0.0,110.0,0.0,0.0,0.0,0.45384615384615384,0.0,1.0,5.033333333333333,0.4657777777777777,151.0
BJH0811,0.0,0.0,1.0,0.0,0.0,0.0,0.4298245614035088,2.0,0.0,1.2666666666666666,12.082432432432432,43.0
TVS0006,1.7516908212560356,0.0,3.0,0.0,0.0,0.0,0.43788819875776397,0.0,0.0,2.3,4.779656862745097,0.0
FAW0032,0.0,0.0,1.0,0.0,0.0,0.0,0.3125,0.0,0.0,1.2666666666666666,8.024774774774775,0.0
WSR0241,0.0,0.0,5.0,0.0,0.0,0.0,0.3504273504273504,0.0,0.0,1.5,7.785606060606059,0.0
LRW0970,0.0,0.0,1.0,0.0,0.0,0.0,0.16666666666666666,0.0,0.0,1.2666666666666666,9.052702702702703,0.0
ZMC0284,0.2127192982456112,0.0,1.0,0.0,0.0,0.0,0.42452830188679247,0.0,0.0,1.2666666666666666,9.078378378378378,0.0
SAC0687,0.0,0.0,1.0,0.0,0.0,0.0,0.5578947368421052,0.0,0.0,1.2666666666666666,10.11036036036036,0.0
CKB0427,0.0,0.0,1.0,0.0,0.0,0.0,0.5339805825242718,0.0,0.0,1.2666666666666666,9.08783783783784,0.0
BTS0011,0.0,0.0,1.0,0.0,0.0,0.0,0.323943661971831,0.0,0.0,1.2666666666666666,8.08918918918919,0.0
IIA0092,0.0,0.0,1.0,0.0,0.0,0.0,0.4485981308411215,0.0,0.0,1.2666666666666666,8.085135135135134,0.0
WKD0013,0.8638888888888872,0.0,2.0,0.0,0.0,0.0,0.373134328358209,0.0,0.0,1.4,7.267460317460319,4.0
JNJ0556,0.0,0.0,1.0,682.0,1672.0,85.0,0.5048543689320388,2.0,0.0,1.2666666666666666,9.09279279279279,0.0
TLH0648,0.2214912280701764,0.0,1.0,0.0,0.0,0.0,0.42857142857142855,0.0,0.0,1.2666666666666666,12.072522522522522,41.0
IBP0883,2.21986301369863,0.0,1.0,0.0,0.0,0.0,0.45714285714285713,0.0,1.0,2.433333333333333,5.54109589041096,13.0
WAS0254,0.476455026455028,0.0,1.0,0.0,0.0,0.0,0.5865384615384616,0.0,0.0,2.1,7.290591397849462,0.0
QNP0216,1.2732662192393764,0.0,107.0,0.0,0.0,0.0,0.5038759689922481,0.0,1.0,4.966666666666667,0.4327702702702701,130.0
KLM0639,0.249099099099098,0.0,1.0,0.0,0.0,0.0,0.42857142857142855,0.0,1.0,1.2333333333333334,11.993243243243246,42.0
AIB0948,0.24451476793248794,0.0,5.0,677.0,346.0,19.0,0.5,0.0,0.0,2.6333333333333333,4.640170940170941,0.0
RBB0485,0.0,0.0,1.0,0.0,0.0,0.0,0.5393258426966292,0.0,0.0,1.2666666666666666,9.075225225225225,0.0
RZC0746,1.1328125,26.0,4.0,0.0,0.0,0.0,0.4782608695652174,0.0,1.0,3.2,6.2147368421052605,0.0
MDM0976,0.0,0.0,1.0,0.0,0.0,0.0,0.26811594202898553,0.0,0.0,1.2666666666666666,10.092342342342342,0.0
XBN0229,0.0,0.0,1.0,0.0,0.0,0.0,0.3867924528301887,0.0,0.0,1.2666666666666666,11.002252252252251,0.0
SMH0291,2.1098039215686235,26.0,2.0,0.0,0.0,0.0,0.6875,0.0,0.0,3.4,5.563531353135313,0.0
MHG0244,0.0,0.0,1.0,0.0,0.0,0.0,0.4666666666666667,1.0,0.0,1.2666666666666666,9.12117117117117,0.0
RAS0432,0.7489583333333343,0.0,1.0,0.0,0.0,0.0,0.42105263157894735,0.0,0.0,2.1333333333333333,7.268518518518518,0.0
EIP0997,0.0,0.0,1.0,0.0,0.0,0.0,0.5803571428571429,6.0,1.0,1.2666666666666666,11.05945945945946,0.0
EMW0772,0.0,0.0,2.0,30.0,46.0,2.0,0.59375,0.0,0.0,1.3333333333333333,7.6611111111111105,0.0
SBQ0786,0.0,0.0,1.0,0.0,0.0,0.0,0.3888888888888889,0.0,2.0,1.2666666666666666,9.033783783783784,0.0
PDH0716,0.8692129629629619,0.0,3.0,158.0,351.0,21.0,0.3333333333333333,0.0,4.0,2.4,6.439436619718308,0.0
GZB0469,0.0,0.0,1.0,0.0,0.0,0.0,0.18181818181818182,0.0,3.0,1.2666666666666666,10.077927927927927,0.0
NMB0972,0.0,0.0,1.0,0.0,0.0,0.0,0.5833333333333334,0.0,1.0,1.2666666666666666,9.067567567567568,0.0
ONL0276,0.0,0.0,1.0,0.0,0.0,0.0,0.3904761904761905,0.0,0.0,1.2666666666666666,10.105855855855856,0.0
MBJ0312,0.7976525821596248,0.0,2.0,228.0,187.0,17.0,0.4585635359116022,0.0,0.0,2.3666666666666667,5.890000000000001,0.0
DRR0242,0.0,9.0,1.0,0.0,0.0,0.0,0.41911764705882354,0.0,1.0,1.5666666666666669,9.982246376811592,0.0
AJH0175,0.0,0.0,1.0,29.0,36.0,0.0,0.45348837209302323,0.0,0.0,1.4333333333333331,6.521825396825397,8.0
LQP0508,2.1181623931623914,0.0,3.0,0.0,0.0,0.0,0.3783783783783784,0.0,1.0,2.6,4.348701298701299,0.0
DVW0103,0.0,0.0,1.0,0.0,0.0,0.0,0.4444444444444444,0.0,0.0,1.2666666666666666,10.092792792792794,0.0
SMB0804,0.0,0.0,1.0,0.0,0.0,0.0,0.4519230769230769,0.0,0.0,1.2666666666666666,8.990990990990992,0.0
KBG0549,1.0328502415458942,0.0,3.0,26.0,93.0,2.0,0.6666666666666666,0.0,0.0,2.3,7.495833333333334,0.0
BAH0875,0.16866666666666852,1.0,3.0,0.0,0.0,0.0,0.41397849462365593,0.0,3.0,1.6666666666666667,6.189333333333335,16.0
JAV0361,1.5588235294117645,0.0,111.0,0.0,0.0,0.0,0.4453125,0.0,0.0,5.1,0.3810457516339868,156.0
COM0321,0.0,0.0,1.0,0.0,0.0,0.0,0.4666666666666667,0.0,2.0,1.2666666666666666,8.018918918918919,0.0
CCC0393,0.0,0.0,1.0,0.0,0.0,0.0,0.5137614678899083,0.0,0.0,1.2666666666666666,11.065315315315315,0.0
QSV0778,0.0,0.0,1.0,0.0,0.0,0.0,0.4444444444444444,0.0,1.0,1.2666666666666666,8.058558558558559,0.0
BMC0547,0.0,0.0,1.0,0.0,0.0,0.0,0.39603960396039606,0.0,1.0,1.2666666666666666,10.012162162162165,0.0
AWM0764,0.0,0.0,1.0,0.0,0.0,0.0,0.6388888888888888,0.0,0.0,1.2666666666666666,8.043693693693694,0.0
FXF0957,0.0,0.0,1.0,0.0,0.0,0.0,0.23076923076923078,0.0,0.0,1.2666666666666666,9.030180180180178,0.0
SVS0871,1.2577083333333317,0.0,3.0,0.0,0.0,0.0,0.4715909090909091,1.0,0.0,2.6666666666666665,4.918354430379748,0.0
DJS0682,0.0,0.0,1.0,0.0,0.0,0.0,0.514018691588785,1.0,1.0,1.2666666666666666,10.025675675675672,0.0
NHE0919,1.556467661691542,0.0,1.0,0.0,0.0,0.0,0.46153846153846156,0.0,0.0,2.2333333333333334,8.938131313131315,0.0
MPT0376,1.2076305220883565,7.0,3.0,94.0,238.0,15.0,0.3652173913043478,0.0,0.0,2.7666666666666666,4.467073170731707,0.0
AQD0820,0.0,0.0,1.0,0.0,0.0,0.0,0.39473684210526316,0.0,0.0,1.2666666666666666,12.094594594594597,62.0
YEV0793,0.0,0.0,1.0,0.0,0.0,0.0,0.5384615384615384,1.0,2.0,1.2666666666666666,9.085585585585584,0.0
ZCF0590,0.0,0.0,1.0,0.0,0.0,0.0,0.6666666666666666,0.0,0.0,1.2666666666666666,10.068468468468469,0.0
KQC0708,0.0,0.0,1.0,0.0,0.0,0.0,0.3333333333333333,0.0,3.0,1.2666666666666666,9.004954954954956,0.0
CQH0701,0.5770202020202007,0.0,1.0,27.0,48.0,2.0,0.8,0.0,0.0,2.2,7.197948717948719,0.0
PDW0259,0.7321917808219176,0.0,6.0,0.0,0.0,0.0,0.5370370370370371,0.0,0.0,2.433333333333333,5.654166666666667,0.0
FWM0707,0.0,0.0,1.0,0.0,0.0,0.0,0.5454545454545454,0.0,1.0,1.2666666666666666,9.093693693693693,0.0
HDS0367,2.2142300194931757,0.0,100.0,315.0,738.0,41.0,0.5116279069767442,0.0,2.0,5.7,0.6573099415204677,543.0
SER0165,0.0,0.0,1.0,0.0,0.0,0.0,0.3409090909090909,0.0,0.0,1.2666666666666666,10.950900900900905,0.0
SBD0913,0.0,0.0,1.0,0.0,0.0,0.0,0.5142857142857142,0.0,1.0,1.2666666666666666,9.01936936936937,0.0
JKF0465,0.0,8.0,1.0,0.0,0.0,0.0,0.4166666666666667,0.0,0.0,1.5333333333333334,10.087037037037035,0.0
BNR0965,0.1552238805970152,0.0,1.0,0.0,0.0,0.0,0.8333333333333334,0.0,0.0,2.2333333333333334,7.065151515151515,0.0
ASV0946,0.20364583333333286,0.0,1.0,0.0,0.0,0.0,0.6153846153846154,0.0,2.0,2.1333333333333333,7.031746031746032,0.0
NNA0610,0.0,0.0,1.0,0.0,0.0,0.0,0.47752808988764045,0.0,0.0,1.2666666666666666,9.108108108108109,0.0
KQS0415,0.0,0.0,1.0,0.0,0.0,0.0,0.5555555555555556,0.0,0.0,1.2666666666666666,10.086486486486484,0.0
VTT0385,0.0,0.0,6.0,626.0,90.0,4.0,0.5727272727272728,0.0,0.0,1.4333333333333331,6.30436507936508,0.0
ASG0692,0.0,0.0,1.0,0.0,0.0,0.0,0.4020618556701031,0.0,2.0,1.2666666666666666,10.105855855855854,0.0
WPR0368,1.6483579638752062,41.0,145.0,0.0,0.0,0.0,0.43125,0.0,0.0,6.766666666666667,0.3581280788177339,180.0
HAV0121,0.20833333333333393,0.0,1.0,0.0,0.0,0.0,0.5046728971962616,0.0,1.0,1.2666666666666666,12.086486486486487,57.0
HCC0344,0.0,0.0,1.0,0.0,0.0,0.0,0.4594594594594595,0.0,0.0,1.2666666666666666,10.98018018018018,0.0
UBF0645,0.26216216216215926,0.0,1.0,0.0,0.0,0.0,0.5142857142857142,0.0,1.0,1.2333333333333334,12.009009009009011,41.0
TSR0676,0.9272946859903364,0.0,1.0,163.0,101.0,5.0,0.42201834862385323,0.0,0.0,2.3,6.067647058823529,0.0
NKH0979,0.6304166666666635,0.0,3.0,0.0,0.0,0.0,0.3358208955223881,0.0,0.0,2.6666666666666665,4.129535864978902,0.0
SXM0895,0.2684210526315791,0.0,1.0,0.0,0.0,0.0,0.2777777777777778,0.0,1.0,1.2666666666666666,9.01396396396396,0.0
KCS0173,0.910798122065728,0.0,3.0,72.0,69.0,1.0,0.2947976878612717,0.0,0.0,2.3666666666666667,5.136666666666668,0.0
PMV0850,2.1720657276995308,0.0,2.0,95.0,94.0,3.0,0.4,0.0,0.0,2.3666666666666667,8.100238095238096,0.0
PKB0281,0.25855855855855836,0.0,1.0,0.0,0.0,0.0,0.21153846153846154,0.0,2.0,1.2333333333333334,8.972522522522523,0.0
MIC0726,0.0,0.0,1.0,0.0,0.0,0.0,0.4918918918918919,0.0,0.0,1.2666666666666666,9.067567567567565,0.0
SDO0170,0.6447761194029837,0.0,1.0,0.0,0.0,0.0,0.503030303030303,0.0,2.0,2.2333333333333334,6.137121212121213,0.0
VAA0087,0.7908888888888903,0.0,3.0,0.0,0.0,0.0,0.35514018691588783,0.0,0.0,2.5,5.451351351351351,0.0
ELB0847,0.33730158730158877,0.0,2.0,0.0,0.0,0.0,0.25,0.0,0.0,1.4,9.792276422764228,0.0
SBK0161,2.501731601731599,0.0,3.0,0.0,0.0,0.0,0.43243243243243246,0.0,2.0,2.566666666666667,6.544736842105263,0.0
ASL0378,1.246859903381642,0.0,1.0,0.0,0.0,0.0,0.44339622641509435,0.0,1.0,2.3,5.744852941176471,0.0
TLM0797,0.0,0.0,1.0,0.0,0.0,0.0,0.42452830188679247,0.0,3.0,1.2666666666666666,9.103603603603604,0.0
SOF0808,0.0,0.0,1.0,0.0,0.0,0.0,0.5855855855855856,3.0,0.0,1.2666666666666666,12.06891891891892,53.0
SGM0021,0.6128019323671499,0.0,1.0,239.0,557.0,29.0,0.584070796460177,4.0,0.0,2.3,5.894362745098039,0.0
FBA0348,0.0,0.0,1.0,0.0,0.0,0.0,0.4161849710982659,0.0,0.0,1.2666666666666666,8.079729729729728,0.0
ARL0034,0.0,0.0,1.0,0.0,0.0,0.0,0.4470588235294118,0.0,0.0,1.2666666666666666,8.096396396396395,0.0
YJF0532,2.011711711711712,0.0,3.0,0.0,0.0,0.0,0.3333333333333333,0.0,1.0,2.466666666666667,4.609132420091324,0.0
RJM0381,0.0,0.0,3.0,0.0,0.0,0.0,0.42857142857142855,0.0,1.0,1.3333333333333333,7.462820512820515,0.0
JMW0638,0.24594594594594632,0.0,1.0,0.0,0.0,0.0,0.5428571428571428,0.0,2.0,1.2333333333333334,11.971171171171177,45.0
EMS0317,0.0,0.0,1.0,0.0,0.0,0.0,0.6069364161849711,3.0,0.0,1.2666666666666666,8.022072072072074,0.0
MNS0224,2.0856643356643367,0.0,102.0,0.0,0.0,0.0,0.49295774647887325,0.0,0.0,4.766666666666667,0.5693473193473193,134.0
WVB0539,0.0,0.0,1.0,0.0,0.0,0.0,0.5722222222222222,0.0,0.0,1.2666666666666666,8.999549549549549,0.0
SSG0250,1.1741784037558691,0.0,1.0,0.0,0.0,0.0,0.375,0.0,1.0,2.3666666666666667,6.859047619047619,0.0
MLM0950,0.4731800766283527,15.0,2.0,201.0,599.0,29.0,0.5,0.0,0.0,2.9,5.699612403100775,5.0
HPH0075,1.1732931726907623,12.0,1.0,706.0,1829.0,97.0,0.4610169491525424,0.0,2.0,2.7666666666666666,6.844918699186992,0.0
VMJ0546,0.9756038647342979,0.0,1.0,170.0,695.0,37.0,0.5263157894736842,0.0,0.0,2.3,8.048284313725489,0.0
NLO0131,0.0,0.0,1.0,0.0,0.0,0.0,0.36363636363636365,0.0,1.0,1.2666666666666666,9.077027027027023,0.0
PES0085,0.7726368159203965,0.0,1.0,0.0,0.0,0.0,0.4344262295081967,0.0,2.0,2.2333333333333334,6.956313131313132,0.0
OHC0973,0.0,0.0,1.0,0.0,0.0,0.0,0.5,0.0,0.0,1.2666666666666666,9.022522522522522,0.0
NMF0780,0.0,0.0,1.0,0.0,0.0,0.0,0.4411764705882353,0.0,0.0,1.2666666666666666,8.116666666666667,0.0
LEM0605,0.0,0.0,1.0,0.0,0.0,0.0,0.5347593582887701,0.0,0.0,1.2666666666666666,9.122972972972972,0.0
BEC0505,0.0,0.0,1.0,0.0,0.0,0.0,0.46596858638743455,0.0,0.0,1.2666666666666666,9.025225225225226,0.0
OLF0504,0.0,0.0,1.0,0.0,0.0,0.0,0.52046783625731,0.0,1.0,1.2666666666666666,9.092342342342342,0.0
KVS0425,0.0,0.0,1.0,0.0,0.0,0.0,0.25,0.0,1.0,1.2666666666666666,9.992342342342344,0.0
AJR0319,0.8361742424242422,20.0,1.0,0.0,0.0,0.0,0.3884297520661157,0.0,0.0,2.933333333333333,5.858429118773947,0.0
DLS0383,0.9051282051282037,0.0,1.0,0.0,0.0,0.0,0.35514018691588783,0.0,0.0,2.1666666666666665,6.058072916666666,0.0
BCR0581,2.3241452991452984,0.0,3.0,0.0,0.0,0.0,0.3333333333333333,0.0,0.0,2.6,6.062121212121213,0.0
LDB0090,0.0,0.0,1.0,0.0,0.0,0.0,0.4961832061068702,0.0,0.0,1.2666666666666666,7.976576576576576,0.0
GAF0570,2.0500000000000007,0.0,2.0,0.0,0.0,0.0,0.46788990825688076,0.0,0.0,2.2333333333333334,6.832323232323232,0.0
NNS0059,0.0,0.0,1.0,0.0,0.0,0.0,0.5185185185185185,1.0,0.0,1.2666666666666666,11.004954954954956,0.0
JRL0574,0.0,0.0,1.0,0.0,0.0,0.0,0.2,0.0,2.0,1.2666666666666666,10.027027027027026,0.0
NSS0876,0.0,0.0,1.0,0.0,0.0,0.0,0.44571428571428573,0.0,2.0,1.2666666666666666,10.006306306306309,0.0
SOB0586,0.0,0.0,1.0,0.0,0.0,0.0,0.45454545454545453,0.0,0.0,1.2666666666666666,10.072972972972972,0.0
DDA0476,0.0,0.0,1.0,0.0,0.0,0.0,0.35195530726256985,0.0,1.0,1.2666666666666666,9.00990990990991,0.0
DEB0782,0.0,0.0,1.0,0.0,0.0,0.0,0.4722222222222222,0.0,0.0,1.2666666666666666,8.09864864864865,0.0
OLW0689,1.9513020833333314,0.0,1.0,157.0,272.0,16.0,0.23008849557522124,0.0,0.0,2.1333333333333333,8.018783068783069,0.0
MMG0943,0.0,0.0,3.0,0.0,0.0,0.0,0.41284403669724773,0.0,0.0,1.6333333333333333,5.619791666666667,0.0
RNL0695,2.1758454106280194,0.0,1.0,0.0,0.0,0.0,0.45871559633027525,0.0,0.0,2.3,7.852205882352939,0.0
LNR0656,0.2121621621621621,0.0,1.0,0.0,0.0,0.0,0.5555555555555556,0.0,1.0,1.2333333333333334,12.056756756756757,43.0
AMJ0297,0.0,0.0,1.0,0.0,0.0,0.0,0.5,0.0,0.0,1.2666666666666666,9.08108108108108,0.0
HRL0540,2.661519607843136,0.0,2.0,680.0,339.0,16.0,0.4423076923076923,0.0,1.0,2.2666666666666666,9.52598039215686,156.0
DLF0377,0.0,0.0,1.0,0.0,0.0,0.0,0.3333333333333333,1.0,0.0,1.2666666666666666,8.055855855855857,0.0
TPH0474,0.0,0.0,1.0,0.0,0.0,0.0,0.4166666666666667,0.0,0.0,1.2666666666666666,10.09324324324324,0.0
KCF0045,2.0507291666666685,0.0,114.0,0.0,0.0,0.0,0.2076923076923077,0.0,2.0,5.333333333333333,0.5061458333333333,152.0
BIS0247,0.9824324324324323,1.0,1.0,33.0,84.0,4.0,0.5217391304347826,0.0,1.0,2.466666666666667,5.559589041095891,11.0
MSS0001,0.9684343434343443,0.0,1.0,0.0,0.0,0.0,0.5995475113122172,1.0,0.0,2.2,5.06153846153846,0.0
EFS0882,0.22192982456140342,0.0,1.0,0.0,0.0,0.0,0.5277777777777778,0.0,0.0,1.2666666666666666,9.068918918918918,0.0
NWK0215,1.1001915708812255,19.0,1.0,0.0,0.0,0.0,0.46774193548387094,0.0,0.0,2.9,5.363026819923372,12.0
CSH0626,0.3091269841269835,11.0,2.0,0.0,0.0,0.0,0.46842105263157896,0.0,0.0,2.8,4.774801587301588,16.0
BHW0458,0.0,0.0,1.0,0.0,0.0,0.0,0.45454545454545453,0.0,0.0,1.2666666666666666,10.045495495495496,0.0
SSH0799,1.7351405622489953,0.0,3.0,0.0,0.0,0.0,0.40594059405940597,0.0,0.0,2.7666666666666666,4.272357723577236,0.0
CAS0507,2.510416666666666,0.0,3.0,85.0,1303.0,89.0,0.6111111111111112,0.0,0.0,2.6666666666666665,4.309493670886075,0.0
DID0650,0.2216216216216207,0.0,1.0,0.0,0.0,0.0,0.5555555555555556,0.0,0.0,1.2333333333333334,12.02027027027027,48.0
KAT0270,0.0,0.0,1.0,0.0,0.0,0.0,0.6846846846846847,0.0,0.0,1.2666666666666666,10.013063063063065,0.0
TEM0977,0.0,0.0,1.0,0.0,0.0,0.0,0.344,0.0,2.0,1.2666666666666666,10.063513513513511,0.0
SHR0334,0.0,0.0,1.0,0.0,0.0,0.0,0.5714285714285714,0.0,0.0,1.2666666666666666,11.088288288288288,0.0
JDC0030,1.7247422680412363,23.0,2.0,47.0,183.0,10.0,0.5605095541401274,0.0,1.0,3.2333333333333334,8.132465277777778,0.0
CKP0721,0.0,0.0,1.0,0.0,0.0,0.0,0.5384615384615384,0.0,2.0,1.2666666666666666,9.082432432432432,0.0
HIA0414,0.0,0.0,1.0,0.0,0.0,0.0,0.36633663366336633,0.0,1.0,1.2666666666666666,10.119369369369368,0.0
HSP0290,0.0,0.0,1.0,0.0,0.0,0.0,0.46153846153846156,0.0,1.0,1.2666666666666666,9.016666666666667,0.0
HRW0550,0.0,0.0,1.0,0.0,0.0,0.0,0.5765765765765766,0.0,0.0,1.2666666666666666,10.083333333333332,0.0
KBB0189,0.0,0.0,1.0,0.0,0.0,0.0,0.2366412213740458,0.0,0.0,1.2666666666666666,9.00990990990991,0.0
CBB0365,3.1038738738738765,0.0,111.0,0.0,0.0,0.0,0.3467741935483871,0.0,1.0,6.166666666666667,0.641081081081081,143.0
DLH0029,0.0,0.0,1.0,0.0,0.0,0.0,0.3761467889908257,1.0,0.0,1.2666666666666666,11.052702702702703,0.0
QPM0727,0.0,0.0,1.0,0.0,0.0,0.0,0.3655913978494624,0.0,0.0,1.2666666666666666,9.073873873873872,0.0
KVT0028,0.0,0.0,1.0,0.0,0.0,0.0,0.4351851851851852,0.0,0.0,1.2666666666666666,11.030180180180178,0.0
LFS0071,0.0,0.0,1.0,0.0,0.0,0.0,0.5514018691588785,0.0,0.0,1.2666666666666666,10.053153153153152,0.0
WNB0908,2.1958333333333364,0.0,1.0,0.0,0.0,0.0,0.78125,0.0,0.0,2.2666666666666666,7.054975124378109,0.0
PAD0773,1.7594936708860764,0.0,3.0,29.0,498.0,21.0,0.41025641025641024,0.0,0.0,2.6333333333333333,4.598931623931624,0.0
BJH0354,0.0,0.0,1.0,0.0,0.0,0.0,0.4198895027624309,0.0,0.0,1.2666666666666666,9.012612612612612,0.0
ONW0083,0.0,0.0,1.0,0.0,0.0,0.0,0.3118279569892473,0.0,0.0,1.2666666666666666,9.06306306306306,0.0
SSJ0784,2.0876288659793794,21.0,1.0,0.0,0.0,0.0,0.2708333333333333,0.0,0.0,3.2333333333333334,4.674305555555556,14.0
KJP0371,2.735802469135802,0.0,117.0,0.0,0.0,0.0,0.38524590163934425,0.0,0.0,5.4,0.5116255144032922,152.0
IMB0481,0.0,0.0,1.0,0.0,0.0,0.0,0.6703910614525139,2.0,1.0,1.2666666666666666,9.13018018018018,0.0
BTR0403,1.6299549549549557,0.0,4.0,88.0,97.0,7.0,0.5233644859813084,0.0,0.0,2.466666666666667,7.721232876712328,0.0
DLM0051,0.10140562248995977,11.0,2.0,846.0,2193.0,116.0,0.4517241379310345,41.0,1.0,2.7666666666666666,6.366463414634147,0.0
AHM0410,1.4964135021097036,0.0,3.0,91.0,440.0,29.0,0.3888888888888889,0.0,2.0,2.6333333333333333,5.671153846153847,0.0
CHM0821,2.7351190476190474,0.0,3.0,92.0,299.0,21.0,0.6666666666666666,0.0,1.0,2.8,6.613855421686748,2.0
JBM0350,0.0,0.0,2.0,0.0,0.0,0.0,0.3625,0.0,1.0,1.6333333333333333,7.111904761904762,18.0
PLH0862,0.0,0.0,1.0,0.0,0.0,0.0,0.5444444444444444,0.0,0.0,1.2666666666666666,10.08018018018018,0.0
RCP0785,0.0,0.0,1.0,0.0,0.0,0.0,0.4594594594594595,0.0,0.0,1.2666666666666666,8.115765765765767,0.0
NSC0597,0.0,0.0,2.0,0.0,0.0,0.0,0.25,0.0,0.0,1.3,9.614035087719298,0.0
AVM0947,0.0,0.0,5.0,691.0,1573.0,70.0,0.16666666666666666,0.0,1.0,1.4,7.551626016260163,0.0
MSZ0310,0.0,0.0,1.0,0.0,0.0,0.0,0.49710982658959535,0.0,0.0,1.2666666666666666,8.054054054054054,0.0
SDB0106,2.6393333333333313,0.0,3.0,0.0,0.0,0.0,0.4444444444444444,0.0,0.0,2.5,6.468243243243243,0.0
HAC0282,0.2220720720720717,0.0,1.0,0.0,0.0,0.0,0.36792452830188677,0.0,2.0,1.2333333333333334,9.047297297297296,0.0
HSB0196,0.0,14.0,1.0,862.0,2400.0,135.0,0.391304347826087,0.0,0.0,1.8,9.466981132075473,2.0
BRM0995,2.4022727272727273,0.0,2.0,677.0,103.0,7.0,0.3925233644859813,0.0,0.0,2.2,9.632564102564103,152.0
SES0477,1.2316176470588243,0.0,1.0,0.0,0.0,0.0,0.3149171270718232,0.0,1.0,2.2666666666666666,7.029353233830845,0.0
RNF0765,0.0,0.0,1.0,0.0,0.0,0.0,0.48484848484848486,0.0,0.0,1.2666666666666666,8.083333333333334,0.0
GNZ0953,0.44082125603864775,0.0,1.0,0.0,0.0,0.0,0.4166666666666667,0.0,0.0,2.3,6.78014705882353,0.0
HRB0351,1.1065040650406512,11.0,4.0,28.0,462.0,22.0,0.3661417322834646,0.0,1.0,2.7333333333333334,7.475102880658435,0.0
ZSB0649,0.2292792792792806,0.0,1.0,0.0,0.0,0.0,0.5833333333333334,0.0,0.0,1.2333333333333334,12.066216216216215,47.0
ADC0391,0.8892307692307693,0.0,1.0,0.0,0.0,0.0,0.3008849557522124,0.0,0.0,2.1666666666666665,9.12890625,0.0
PMC0328,0.39642857142857224,0.0,1.0,159.0,119.0,9.0,0.5384615384615384,1.0,0.0,2.333333333333333,8.868357487922706,0.0
ILJ0526,2.2609704641350206,2.0,6.0,81.0,238.0,11.0,0.48717948717948717,0.0,1.0,2.6333333333333333,4.436752136752138,0.0
ANT0430,1.309178743961354,0.0,2.0,0.0,0.0,0.0,0.2523364485981308,0.0,3.0,2.3,6.620343137254903,0.0
DFH0188,0.49004065040650424,0.0,3.0,89.0,1292.0,66.0,0.2857142857142857,0.0,2.0,2.7333333333333334,5.791975308641976,0.0
LLV0602,0.0,0.0,1.0,0.0,0.0,0.0,0.327683615819209,0.0,1.0,1.2666666666666666,9.017117117117117,0.0
GCR0554,0.0,0.0,1.0,0.0,0.0,0.0,0.23893805309734514,1.0,0.0,1.2666666666666666,9.971621621621622,0.0
SJO0209,1.0256410256410255,0.0,3.0,29.0,89.0,4.0,0.31788079470198677,0.0,1.0,2.6,4.265584415584416,0.0
NGC0058,0.0,9.0,3.0,41.0,44.0,3.0,0.34328358208955223,6.0,2.0,1.6333333333333333,9.932291666666666,0.0
LHL0309,0.0,0.0,1.0,0.0,0.0,0.0,0.32972972972972975,0.0,0.0,1.2666666666666666,8.092792792792793,0.0
EJW0884,0.26403508771930007,0.0,1.0,0.0,0.0,0.0,0.5135135135135135,0.0,0.0,1.2666666666666666,9.034684684684684,0.0
CRO0027,2.082367149758454,0.0,2.0,0.0,0.0,0.0,0.40404040404040403,0.0,0.0,2.3,6.937439613526572,0.0
HKR0628,1.3016877637130797,0.0,3.0,0.0,0.0,0.0,0.4915254237288136,0.0,0.0,2.6333333333333333,4.771581196581197,0.0
GTD0116,0.2328947368421037,0.0,1.0,0.0,0.0,0.0,0.24260355029585798,0.0,0.0,1.2666666666666666,12.03108108108108,91.0
DSB0731,0.0,0.0,1.0,0.0,0.0,0.0,0.38857142857142857,0.0,1.0,1.2666666666666666,9.011711711711712,0.0
HDJ0446,0.0,0.0,1.0,0.0,0.0,0.0,0.16666666666666666,0.0,1.0,1.2666666666666666,9.999099099099098,0.0
CHG0146,0.0,0.0,1.0,0.0,0.0,0.0,0.48502994011976047,5.0,0.0,1.2666666666666666,7.967567567567566,0.0
AIH0675,0.0,0.0,1.0,0.0,0.0,0.0,0.41509433962264153,0.0,0.0,1.2666666666666666,8.105405405405406,0.0
APG0307,0.0,0.0,1.0,0.0,0.0,0.0,0.4166666666666667,0.0,0.0,1.2666666666666666,9.074774774774774,0.0
RHC0335,0.0,0.0,1.0,0.0,0.0,0.0,0.6578947368421053,0.0,0.0,1.2666666666666666,11.065765765765764,0.0
IJW0851,0.0,0.0,1.0,0.0,0.0,0.0,0.4857142857142857,1.0,0.0,1.2666666666666666,10.036486486486483,0.0
NAR0981,0.0,0.0,1.0,0.0,0.0,0.0,0.5728155339805825,0.0,0.0,1.2666666666666666,10.1009009009009,0.0
NUL0471,0.8108465608465583,0.0,1.0,0.0,0.0,0.0,0.3333333333333333,0.0,1.0,2.1,8.20483870967742,0.0
MIB0904,2.205897435897434,0.0,1.0,0.0,0.0,0.0,0.4857142857142857,0.0,1.0,2.1666666666666665,7.044102564102564,0.0
HBB0056,0.0,0.0,1.0,0.0,0.0,0.0,0.6041666666666666,0.0,1.0,1.2666666666666666,9.099099099099098,0.0
MCJ0324,0.0,0.0,1.0,0.0,0.0,0.0,0.3463687150837989,0.0,0.0,1.2666666666666666,8.05855855855856,0.0
HDH0928,0.0,0.0,1.0,172.0,310.0,19.0,0.29523809523809524,2.0,0.0,1.2666666666666666,11.077927927927924,0.0
MOH0273,0.0,8.0,1.0,699.0,1855.0,95.0,0.4369747899159664,0.0,1.0,1.5333333333333334,10.049629629629628,0.0
KNW0644,0.21936936936936746,0.0,1.0,0.0,0.0,0.0,0.5757575757575758,0.0,1.0,1.2333333333333334,12.013063063063065,47.0
CGA0629,0.0,0.0,1.0,0.0,0.0,0.0,0.34104046242774566,0.0,0.0,1.2666666666666666,9.047747747747747,0.0
NMS0280,0.3860544217687085,10.0,2.0,32.0,54.0,3.0,0.5652173913043478,0.0,1.0,1.6333333333333333,8.911458333333334,0.0
THD0448,0.0,0.0,1.0,0.0,0.0,0.0,0.6363636363636364,0.0,0.0,1.2666666666666666,10.066666666666666,0.0
SPA0141,0.6765350877192979,1.0,1.0,0.0,0.0,0.0,0.24031007751937986,0.0,1.0,2.533333333333333,6.042105263157896,13.0
LPC0492,0.0,0.0,1.0,0.0,0.0,0.0,0.40229885057471265,0.0,1.0,1.2666666666666666,9.047297297297296,0.0
BTN0061,1.9079999999999995,0.0,5.0,0.0,0.0,0.0,0.4107142857142857,0.0,0.0,2.5,7.48536036036036,0.0
HGH0595,0.0,0.0,1.0,0.0,0.0,0.0,0.6363636363636364,0.0,0.0,1.2666666666666666,9.97117117117117,0.0
BAM0611,1.0203431372548994,0.0,1.0,0.0,0.0,0.0,0.38636363636363635,0.0,2.0,2.2666666666666666,6.970646766169153,0.0
KKC0683,0.0,0.0,1.0,0.0,0.0,0.0,0.34951456310679613,1.0,1.0,1.2666666666666666,10.089639639639636,0.0
BBS0422,0.0,11.0,2.0,36.0,115.0,2.0,0.32786885245901637,0.0,0.0,1.8333333333333333,6.952777777777778,13.0
HDL0748,0.0,0.0,1.0,0.0,0.0,0.0,0.5083798882681564,0.0,0.0,1.2666666666666666,8.986486486486486,0.0
DCC0160,0.0,0.0,1.0,0.0,0.0,0.0,0.27053140096618356,0.0,1.0,1.2666666666666666,11.08828828828829,0.0
MES0407,0.0,0.0,1.0,0.0,0.0,0.0,0.4215686274509804,0.0,0.0,1.2666666666666666,10.11981981981982,0.0
LMF0980,0.491791044776118,0.0,1.0,0.0,0.0,0.0,0.5289256198347108,0.0,0.0,2.2333333333333334,6.005050505050505,0.0
BMM0112,0.2065789473684223,0.0,1.0,0.0,0.0,0.0,0.22857142857142856,0.0,0.0,1.2666666666666666,9.095945945945942,0.0
LTS0860,0.0,0.0,1.0,0.0,0.0,0.0,0.5414364640883977,0.0,0.0,1.2666666666666666,10.013963963963963,0.0
ESJ0670,0.0,14.0,3.0,54.0,861.0,36.0,0.5055555555555555,0.0,1.0,1.9,6.876488095238094,0.0
AAF0791,0.0,0.0,1.0,0.0,0.0,0.0,0.5981308411214953,0.0,0.0,1.2666666666666666,9.117567567567567,0.0
SAC0592,1.4752525252525235,0.0,1.0,0.0,0.0,0.0,0.38461538461538464,0.0,1.0,2.2,7.993846153846152,0.0
UCS0227,0.0,0.0,1.0,0.0,0.0,0.0,0.5,1.0,0.0,1.2666666666666666,11.027927927927928,0.0
JCR0770,0.0,0.0,1.0,0.0,0.0,0.0,0.4722222222222222,0.0,0.0,1.2666666666666666,8.100450450450449,0.0
MKW0441,0.9166666666666661,0.0,3.0,162.0,89.0,8.0,0.5833333333333334,0.0,1.0,2.2333333333333334,6.486111111111112,0.0
TSM0927,0.0,0.0,1.0,0.0,0.0,0.0,0.5252525252525253,0.0,1.0,1.2666666666666666,11.002702702702704,0.0
OJK0233,0.0,0.0,1.0,0.0,0.0,0.0,0.3925233644859813,0.0,2.0,1.2666666666666666,11.076576576576574,0.0
SMW0084,0.0,0.0,1.0,0.0,0.0,0.0,0.4166666666666667,0.0,1.0,1.2666666666666666,9.07882882882883,0.0
BEH0615,1.2229729729729737,0.0,5.0,97.0,68.0,4.0,0.38333333333333336,0.0,1.0,2.466666666666667,5.921689497716894,0.0
ADF0397,0.0,0.0,1.0,0.0,0.0,0.0,0.504424778761062,0.0,1.0,1.2666666666666666,11.004504504504505,0.0
NJC0705,0.0,0.0,1.0,0.0,0.0,0.0,0.5,0.0,1.0,1.2666666666666666,9.1,0.0
JMD0520,1.7269047619047644,0.0,4.0,148.0,339.0,22.0,0.4722222222222222,0.0,0.0,2.333333333333333,5.17608695652174,0.0
LAF0991,2.147916666666667,0.0,1.0,0.0,0.0,0.0,0.36936936936936937,0.0,2.0,2.1333333333333333,10.1390625,61.0
KBS0874,0.73510101010101,0.0,1.0,0.0,0.0,0.0,0.4342857142857143,0.0,0.0,2.2,8.026666666666667,0.0
GHH0288,0.38368794326240874,1.0,3.0,168.0,309.0,22.0,0.2727272727272727,0.0,0.0,1.5666666666666669,6.4692028985507255,2.0
TAC0300,0.0,0.0,1.0,0.0,0.0,0.0,0.08333333333333333,0.0,1.0,1.2666666666666666,9.06891891891892,0.0
JAJ0849,1.9069892473118273,21.0,2.0,0.0,0.0,0.0,0.5,0.0,0.0,3.1,7.159420289855072,3.0
NOB0181,0.46975945017181964,27.0,2.0,121.0,326.0,17.0,0.49056603773584906,0.0,0.0,3.2333333333333334,7.515798611111111,0.0
DTP0379,1.2640350877192965,0.0,3.0,0.0,0.0,0.0,0.4369747899159664,0.0,1.0,2.533333333333333,4.681777777777778,0.0
CJM0138,0.0,0.0,1.0,0.0,0.0,0.0,0.25,0.0,1.0,1.2666666666666666,9.074774774774772,0.0
FHS0837,0.0,0.0,1.0,0.0,0.0,0.0,0.6666666666666666,0.0,0.0,1.2666666666666666,11.063063063063062,0.0
CAA0612,0.8727941176470555,0.0,1.0,34.0,176.0,5.0,0.3273809523809524,0.0,0.0,2.2666666666666666,7.12363184079602,0.0
ELT0769,0.0,0.0,1.0,0.0,0.0,0.0,0.3225806451612903,0.0,0.0,1.2666666666666666,8.02927927927928,0.0
KJW0416,0.0,0.0,1.0,0.0,0.0,0.0,0.37168141592920356,0.0,1.0,1.2666666666666666,10.11216216216216,0.0
CTR0341,0.5563271604938294,29.0,2.0,0.0,0.0,0.0,0.32142857142857145,0.0,0.0,3.6,6.620872274143304,21.0
DIC0988,0.0,0.0,1.0,0.0,0.0,0.0,0.32710280373831774,0.0,0.0,1.2666666666666666,11.05810810810811,0.0
JJH0292,2.231884057971012,0.0,3.0,0.0,0.0,0.0,0.75,0.0,1.0,2.3,6.576715686274509,0.0
MJS0890,0.2346846846846855,0.0,1.0,0.0,0.0,0.0,0.4166666666666667,0.0,1.0,1.2333333333333334,9.035135135135135,0.0
TOR0193,1.3401408450704206,0.0,1.0,0.0,0.0,0.0,0.4015748031496063,0.0,0.0,2.3666666666666667,7.932380952380954,0.0
SCB0534,0.011403508771927306,0.0,1.0,0.0,0.0,0.0,0.5945945945945946,0.0,0.0,1.2666666666666666,8.018468468468466,0.0
MDH0686,2.1133720930232567,17.0,2.0,0.0,0.0,0.0,0.5069444444444444,3.0,1.0,2.8666666666666667,7.700392156862746,0.0
JOM0750,0.0,0.0,1.0,0.0,0.0,0.0,0.5310734463276836,2.0,0.0,1.2666666666666666,9.094144144144142,0.0
BRB0355,2.1886666666666663,26.0,3.0,198.0,164.0,13.0,0.3901098901098901,0.0,0.0,3.333333333333333,4.41010101010101,0.0
MJM0510,2.1044303797468356,0.0,3.0,0.0,0.0,0.0,0.5294117647058824,0.0,1.0,2.6333333333333333,4.068803418803419,0.0
KJM0887,0.1820175438596472,0.0,1.0,0.0,0.0,0.0,0.5,0.0,0.0,1.2666666666666666,9.11936936936937,0.0
CBG0398,0.0,0.0,1.0,0.0,0.0,0.0,0.5471698113207547,1.0,0.0,1.2666666666666666,11.017567567567568,0.0
TDS0984,0.9882978723404232,20.0,7.0,30.0,534.0,28.0,0.4122137404580153,0.0,0.0,3.1333333333333333,6.859498207885306,0.0
LRR0148,0.47626811594203033,12.0,2.0,196.0,184.0,10.0,0.3942307692307692,0.0,0.0,3.066666666666667,5.412087912087912,0.0
CLB0774,0.0,1.0,1.0,685.0,1520.0,72.0,0.6216216216216216,0.0,1.0,1.6,5.612847222222222,48.0
VEB0935,0.0,0.0,1.0,0.0,0.0,0.0,0.34285714285714286,0.0,1.0,1.2666666666666666,9.046846846846847,0.0
MCT0720,0.0,0.0,1.0,0.0,0.0,0.0,0.5454545454545454,0.0,2.0,1.2666666666666666,9.001801801801804,0.0
JDF0593,1.5226907630522089,7.0,3.0,714.0,69.0,8.0,0.36363636363636365,0.0,1.0,2.7666666666666666,5.996951219512194,12.0
CJG0470,0.0,0.0,1.0,0.0,0.0,0.0,0.4166666666666667,0.0,1.0,1.2666666666666666,10.084234234234234,0.0
BXJ0010,0.0,0.0,1.0,0.0,0.0,0.0,0.2777777777777778,0.0,0.0,1.2666666666666666,10.05045045045045,0.0
WBC0315,0.0,0.0,1.0,0.0,0.0,0.0,0.5260416666666666,0.0,0.0,1.2666666666666666,8.067117117117117,0.0
CGB0637,2.0966145833333343,0.0,1.0,231.0,489.0,19.0,0.6060606060606061,0.0,0.0,2.1333333333333333,10.163541666666664,124.0
CAN0842,0.0,0.0,1.0,0.0,0.0,0.0,0.5833333333333334,0.0,4.0,1.2666666666666666,11.08108108108108,0.0
HTH0007,0.0,0.0,1.0,0.0,0.0,0.0,0.37971014492753624,1.0,0.0,2.2333333333333334,7.13510101010101,0.0
BJM0111,0.0,3.0,1.0,669.0,1599.0,93.0,0.41025641025641024,0.0,1.0,1.6,6.268439716312057,8.0
MAW0166,0.0,0.0,1.0,0.0,0.0,0.0,0.36809815950920244,0.0,0.0,1.2666666666666666,8.027927927927927,0.0
ACV0812,2.8196428571428562,0.0,2.0,0.0,0.0,0.0,0.37142857142857144,0.0,0.0,2.8,5.962301587301589,66.0
KWE0082,0.9353233830845777,0.0,1.0,153.0,459.0,24.0,0.5094339622641509,0.0,0.0,2.2333333333333334,7.055555555555556,0.0
ECL0930,0.2634328358208968,0.0,1.0,0.0,0.0,0.0,0.2962962962962963,0.0,0.0,2.2333333333333334,6.950252525252525,0.0
RHP0484,1.4152968036529696,0.0,3.0,0.0,0.0,0.0,0.435,0.0,0.0,2.433333333333333,5.705324074074074,0.0
BAM0636,0.23108108108107928,0.0,1.0,0.0,0.0,0.0,0.41935483870967744,0.0,0.0,1.2333333333333334,12.05945945945946,44.0
DDM0579,0.0,0.0,1.0,0.0,0.0,0.0,0.18181818181818182,0.0,0.0,1.2666666666666666,10.09054054054054,0.0
UIR0043,2.7594748858447478,0.0,101.0,0.0,0.0,0.0,0.49242424242424243,0.0,1.0,4.866666666666666,0.6882758620689654,123.0
JCR0172,0.5483122362869199,16.0,1.0,31.0,65.0,2.0,0.4063926940639269,0.0,0.0,2.6333333333333333,6.2072649572649565,0.0
ATE0869,0.7730392156862713,29.0,3.0,48.0,139.0,7.0,0.45925925925925926,1.0,1.0,3.4,7.143069306930695,4.0
IBS0836,1.9112449799196796,7.0,3.0,91.0,165.0,4.0,0.5714285714285714,0.0,1.0,2.7666666666666666,7.634538152610442,8.0
DTT0076,0.0,0.0,1.0,0.0,0.0,0.0,0.23706896551724138,0.0,0.0,1.2666666666666666,9.038288288288287,0.0
PRM0740,0.0,0.0,1.0,0.0,0.0,0.0,0.3105263157894737,0.0,1.0,1.2666666666666666,9.088288288288286,0.0
FGW0853,0.0,0.0,3.0,0.0,0.0,0.0,0.5120481927710844,0.0,0.0,1.7333333333333334,5.70096153846154,9.0
JSH0330,0.0,0.0,1.0,0.0,0.0,0.0,0.3611111111111111,0.0,0.0,1.2666666666666666,11.040990990990991,0.0
